1999-10-13,901,A,8,1,f,246,Zea mays L. (*),3482,1999
1999-10-13,902,A,3,1,f,67,Zea mays L. (*),3835,1999
1999-10-13,903,A,7,1,f,202,Zea mays L. (*),3018,1999
1999-10-13,904,A,4,1,f,101,Zea mays L. (*),3632,1999
1999-10-13,905,A,9,1,f,291,Zea mays L. (*),4430,1999
1999-10-13,906,A,2,1,f,34,Zea mays L. (*),4283,1999
1999-10-13,907,A,5,1,f,134,Zea mays L. (*),4648,1999
1999-10-13,908,A,6,1,f,168,Zea mays L. (*),4319,1999
1999-10-13,909,A,1,1,f,0,Zea mays L. (*),3813,1999
2000-12-04,101,B,1,1,f,0,Zea mays L. (*),3837,2000
2000-12-04,102,B,2,1,f,34,Zea mays L. (*),6074,2000
2000-12-04,103,B,3,1,f,67,Zea mays L. (*),7858,2000
2000-12-04,104,B,4,1,f,101,Zea mays L. (*),9262,2000
2000-12-04,105,B,5,1,f,134,Zea mays L. (*),,2000
2000-12-04,106,B,6,1,f,168,Zea mays L. (*),10056,2000
2000-12-04,107,B,7,1,f,202,Zea mays L. (*),9644,2000
2000-12-04,108,B,8,1,f,246,Zea mays L. (*),9367,2000
2000-12-04,109,B,9,1,f,291,Zea mays L. (*),9363,2000
2000-12-04,201,B,7,2,f,202,Zea mays L. (*),10062,2000
2000-12-04,202,B,2,2,f,34,Zea mays L. (*),6079,2000
2000-12-04,203,B,1,2,f,0,Zea mays L. (*),5042,2000
2000-12-04,204,B,5,2,f,134,Zea mays L. (*),8848,2000
2000-12-04,205,B,3,2,f,67,Zea mays L. (*),8137,2000
2000-12-04,206,B,9,2,f,291,Zea mays L. (*),9292,2000
2000-12-04,207,B,8,2,f,246,Zea mays L. (*),10141,2000
2000-12-04,208,B,4,2,f,101,Zea mays L. (*),8073,2000
2000-12-04,209,B,6,2,f,168,Zea mays L. (*),8309,2000
2000-12-04,301,B,9,3,f,291,Zea mays L. (*),9191,2000
2000-12-04,302,B,3,3,f,67,Zea mays L. (*),8166,2000
2000-12-04,303,B,8,3,f,246,Zea mays L. (*),9952,2000
2000-12-04,304,B,2,3,f,34,Zea mays L. (*),8567,2000
2000-12-04,305,B,4,3,f,101,Zea mays L. (*),8410,2000
2000-12-04,306,B,5,3,f,134,Zea mays L. (*),8176,2000
2000-12-04,307,B,7,3,f,202,Zea mays L. (*),9153,2000
2000-12-04,308,B,6,3,f,168,Zea mays L. (*),8255,2000
2000-12-04,309,B,1,3,f,0,Zea mays L. (*),5168,2000
2000-12-04,401,B,5,4,f,134,Zea mays L. (*),7848,2000
2000-12-04,402,B,6,4,f,168,Zea mays L. (*),9371,2000
2000-12-04,403,B,4,4,f,101,Zea mays L. (*),9767,2000
2000-12-04,404,B,1,4,f,0,Zea mays L. (*),9029,2000
2000-12-04,405,B,8,4,f,246,Zea mays L. (*),7924,2000
2000-12-04,406,B,2,4,f,34,Zea mays L. (*),5478,2000
2000-12-04,407,B,3,4,f,67,Zea mays L. (*),6804,2000
2000-12-04,408,B,7,4,f,202,Zea mays L. (*),7248,2000
2000-12-04,409,B,9,4,f,291,Zea mays L. (*),,2000
2001-11-09,101,B,1,1,f,0,Zea mays L. (*),2727,2001
2001-11-09,102,B,2,1,f,34,Zea mays L. (*),4051,2001
2001-11-09,103,B,3,1,f,67,Zea mays L. (*),4942,2001
2001-11-09,104,B,4,1,f,101,Zea mays L. (*),5900,2001
2001-11-09,105,B,5,1,f,134,Zea mays L. (*),5876,2001
2001-11-09,106,B,6,1,f,168,Zea mays L. (*),10711,2001
2001-11-09,107,B,7,1,f,202,Zea mays L. (*),,2001
2001-11-09,108,B,8,1,f,246,Zea mays L. (*),5251,2001
2001-11-09,109,B,9,1,f,291,Zea mays L. (*),5198,2001
2001-11-09,201,B,7,2,f,202,Zea mays L. (*),5594,2001
2001-11-09,202,B,2,2,f,34,Zea mays L. (*),3296,2001
2001-11-09,203,B,1,2,f,0,Zea mays L. (*),1808,2001
2001-11-09,204,B,5,2,f,134,Zea mays L. (*),4466,2001
2001-11-09,205,B,3,2,f,67,Zea mays L. (*),4834,2001
2001-11-09,206,B,9,2,f,291,Zea mays L. (*),6434,2001
2001-11-09,207,B,8,2,f,246,Zea mays L. (*),7396,2001
2001-11-09,208,B,4,2,f,101,Zea mays L. (*),6159,2001
2001-11-09,209,B,6,2,f,168,Zea mays L. (*),4152,2001
2001-11-09,301,B,9,3,f,291,Zea mays L. (*),2681,2001
2001-11-09,302,B,3,3,f,67,Zea mays L. (*),4171,2001
2001-11-09,303,B,8,3,f,246,Zea mays L. (*),5364,2001
2001-11-09,304,B,2,3,f,34,Zea mays L. (*),5230,2001
2001-11-09,305,B,4,3,f,101,Zea mays L. (*),4542,2001
2001-11-09,306,B,5,3,f,134,Zea mays L. (*),4529,2001
2001-11-09,307,B,7,3,f,202,Zea mays L. (*),4700,2001
2001-11-09,308,B,6,3,f,168,Zea mays L. (*),5622,2001
2001-11-09,309,B,1,3,f,0,Zea mays L. (*),5527,2001
2001-11-09,401,B,5,4,f,134,Zea mays L. (*),3436,2001
2001-11-09,402,B,6,4,f,168,Zea mays L. (*),4756,2001
2001-11-09,403,B,4,4,f,101,Zea mays L. (*),5795,2001
2001-11-09,404,B,1,4,f,0,Zea mays L. (*),5335,2001
2001-11-09,405,B,8,4,f,246,Zea mays L. (*),5300,2001
2001-11-09,406,B,2,4,f,34,Zea mays L. (*),3599,2001
2001-11-09,407,B,3,4,f,67,Zea mays L. (*),3996,2001
2001-11-09,408,B,7,4,f,202,Zea mays L. (*),4352,2001
2001-11-09,409,B,9,4,f,291,Zea mays L. (*),5073,2001
2002-10-17,101,B,1,1,f,0,Zea mays L. (*),3694,2002
2002-10-17,102,B,2,1,f,34,Zea mays L. (*),4536,2002
2002-10-17,103,B,3,1,f,67,Zea mays L. (*),5217,2002
2002-10-17,104,B,4,1,f,101,Zea mays L. (*),5802,2002
2002-10-17,105,B,5,1,f,134,Zea mays L. (*),6131,2002
2002-10-17,106,B,6,1,f,168,Zea mays L. (*),6047,2002
2002-10-17,107,B,7,1,f,202,Zea mays L. (*),5952,2002
2002-10-17,108,B,8,1,f,246,Zea mays L. (*),6118,2002
2002-10-17,109,B,9,1,f,291,Zea mays L. (*),5769,2002
2002-10-17,201,B,7,2,f,202,Zea mays L. (*),3783,2002
2002-10-17,202,B,2,2,f,34,Zea mays L. (*),3036,2002
2002-10-17,203,B,1,2,f,0,Zea mays L. (*),2817,2002
2002-10-17,204,B,5,2,f,134,Zea mays L. (*),5179,2002
2002-10-17,205,B,3,2,f,67,Zea mays L. (*),5404,2002
2002-10-17,206,B,9,2,f,291,Zea mays L. (*),4960,2002
2002-10-17,207,B,8,2,f,246,Zea mays L. (*),5622,2002
2002-10-17,208,B,4,2,f,101,Zea mays L. (*),6167,2002
2002-10-17,209,B,6,2,f,168,Zea mays L. (*),5350,2002
2002-10-17,301,B,9,3,f,291,Zea mays L. (*),3921,2002
2002-10-17,302,B,3,3,f,67,Zea mays L. (*),4992,2002
2002-10-17,303,B,8,3,f,246,Zea mays L. (*),6764,2002
2002-10-17,304,B,2,3,f,34,Zea mays L. (*),6120,2002
2002-10-17,305,B,4,3,f,101,Zea mays L. (*),5181,2002
2002-10-17,306,B,5,3,f,134,Zea mays L. (*),5076,2002
2002-10-17,307,B,7,3,f,202,Zea mays L. (*),4965,2002
2002-10-17,308,B,6,3,f,168,Zea mays L. (*),5109,2002
2002-10-17,309,B,1,3,f,0,Zea mays L. (*),3613,2002
2002-10-17,401,B,5,4,f,134,Zea mays L. (*),2893,2002
2002-10-17,402,B,6,4,f,168,Zea mays L. (*),4478,2002
2002-10-17,403,B,4,4,f,101,Zea mays L. (*),7016,2002
2002-10-17,404,B,1,4,f,0,Zea mays L. (*),6642,2002
2002-10-17,405,B,8,4,f,246,Zea mays L. (*),5542,2002
2002-10-17,406,B,2,4,f,34,Zea mays L. (*),4258,2002
2002-10-17,407,B,3,4,f,67,Zea mays L. (*),3804,2002
2002-10-17,408,B,7,4,f,202,Zea mays L. (*),4798,2002
2002-10-17,409,B,9,4,f,291,Zea mays L. (*),4861,2002
2002-10-17,501,C,1,1,f,0,Zea mays L. (*),4624,2002
2002-10-17,502,C,2,1,f,34,Zea mays L. (*),,2002
2002-10-17,503,C,3,1,f,67,Zea mays L. (*),,2002
2002-10-17,504,C,4,1,f,101,Zea mays L. (*),5510,2002
2002-10-17,505,C,5,1,f,134,Zea mays L. (*),6085,2002
2002-10-17,506,C,6,1,f,168,Zea mays L. (*),5971,2002
2002-10-17,507,C,7,1,f,202,Zea mays L. (*),6480,2002
2002-10-17,508,C,8,1,f,246,Zea mays L. (*),,2002
2002-10-17,509,C,9,1,f,291,Zea mays L. (*),,2002
2002-10-17,601,C,7,2,f,202,Zea mays L. (*),5553,2002
2002-10-17,602,C,2,2,f,34,Zea mays L. (*),5482,2002
2002-10-17,603,C,1,2,f,0,Zea mays L. (*),3911,2002
2002-10-17,604,C,5,2,f,134,Zea mays L. (*),6967,2002
2002-10-17,605,C,3,2,f,67,Zea mays L. (*),5716,2002
2002-10-17,606,C,9,2,f,291,Zea mays L. (*),6001,2002
2002-10-17,607,C,8,2,f,246,Zea mays L. (*),5158,2002
2002-10-17,608,C,4,2,f,101,Zea mays L. (*),5005,2002
2002-10-17,609,C,6,2,f,168,Zea mays L. (*),6600,2002
2002-10-17,701,C,9,3,f,291,Zea mays L. (*),5109,2002
2002-10-17,702,C,3,3,f,67,Zea mays L. (*),3807,2002
2002-10-17,703,C,8,3,f,246,Zea mays L. (*),4665,2002
2002-10-17,704,C,2,3,f,34,Zea mays L. (*),5095,2002
2002-10-17,705,C,4,3,f,101,Zea mays L. (*),6959,2002
2002-10-17,706,C,5,3,f,134,Zea mays L. (*),6348,2002
2002-10-17,707,C,7,3,f,202,Zea mays L. (*),6054,2002
2002-10-17,708,C,6,3,f,168,Zea mays L. (*),6466,2002
2002-10-17,709,C,1,3,f,0,Zea mays L. (*),4700,2002
2002-10-17,801,C,5,4,f,134,Zea mays L. (*),5913,2002
2002-10-17,802,C,6,4,f,168,Zea mays L. (*),5803,2002
2002-10-17,803,C,4,4,f,101,Zea mays L. (*),5930,2002
2002-10-17,804,C,1,4,f,0,Zea mays L. (*),3757,2002
2002-10-17,805,C,8,4,f,246,Zea mays L. (*),7214,2002
2002-10-17,807,C,3,4,f,67,Zea mays L. (*),5562,2002
2002-10-17,808,C,7,4,f,202,Zea mays L. (*),6196,2002
2002-10-17,809,C,9,4,f,291,Zea mays L. (*),7270,2002
2003-10-29,501,C,1,1,t,0,Zea mays L. (*),5317,2003
2003-10-29,502,C,2,1,t,34,Zea mays L. (*),6089,2003
2003-10-29,503,C,3,1,t,67,Zea mays L. (*),7373,2003
2003-10-29,601,C,7,2,t,202,Zea mays L. (*),9889,2003
2003-10-29,602,C,2,2,t,34,Zea mays L. (*),7351,2003
2003-10-29,603,C,1,2,t,0,Zea mays L. (*),5283,2003
2003-10-29,701,C,9,3,t,291,Zea mays L. (*),10874,2003
2003-10-29,702,C,3,3,t,67,Zea mays L. (*),6963,2003
2003-10-29,703,C,8,3,t,246,Zea mays L. (*),10355,2003
2003-10-29,704,C,2,3,t,34,Zea mays L. (*),6509,2003
2003-10-29,801,C,5,4,t,134,Zea mays L. (*),9238,2003
2003-10-29,802,C,6,4,t,168,Zea mays L. (*),8499,2003
2003-10-29,803,C,4,4,t,101,Zea mays L. (*),8908,2003
2003-10-29,804,C,1,4,t,0,Zea mays L. (*),4713,2003
2003-11-10,101,B,1,1,f,0,Zea mays L. (*),1912,2003
2003-11-10,102,B,2,1,f,34,Zea mays L. (*),4934,2003
2003-11-10,103,B,3,1,f,67,Zea mays L. (*),6697,2003
2003-11-10,104,B,4,1,f,101,Zea mays L. (*),6823,2003
2003-11-10,105,B,5,1,f,134,Zea mays L. (*),7841,2003
2003-11-10,106,B,6,1,f,168,Zea mays L. (*),8403,2003
2003-11-10,107,B,7,1,f,202,Zea mays L. (*),7759,2003
2003-11-10,108,B,8,1,f,246,Zea mays L. (*),7908,2003
2003-11-10,109,B,9,1,f,291,Zea mays L. (*),7549,2003
2003-11-10,201,B,7,2,f,202,Zea mays L. (*),7764,2003
2003-11-10,202,B,2,2,f,34,Zea mays L. (*),4931,2003
2003-11-10,203,B,1,2,f,0,Zea mays L. (*),2504,2003
2003-11-10,204,B,5,2,f,134,Zea mays L. (*),8323,2003
2003-11-10,205,B,3,2,f,67,Zea mays L. (*),6614,2003
2003-11-10,206,B,9,2,f,291,Zea mays L. (*),8226,2003
2003-11-10,207,B,8,2,f,246,Zea mays L. (*),9120,2003
2003-11-10,208,B,4,2,f,101,Zea mays L. (*),7698,2003
2003-11-10,209,B,6,2,f,168,Zea mays L. (*),7193,2003
2003-11-10,301,B,9,3,f,291,Zea mays L. (*),6454,2003
2003-11-10,302,B,3,3,f,67,Zea mays L. (*),6765,2003
2003-11-10,303,B,8,3,f,246,Zea mays L. (*),7457,2003
2003-11-10,304,B,2,3,f,34,Zea mays L. (*),6278,2003
2003-11-10,305,B,4,3,f,101,Zea mays L. (*),6887,2003
2003-11-10,306,B,5,3,f,134,Zea mays L. (*),7364,2003
2003-11-10,307,B,7,3,f,202,Zea mays L. (*),7160,2003
2003-11-10,308,B,6,3,f,168,Zea mays L. (*),7182,2003
2003-11-10,309,B,1,3,f,0,Zea mays L. (*),4398,2003
2003-11-10,401,B,5,4,f,134,Zea mays L. (*),6584,2003
2003-11-10,402,B,6,4,f,168,Zea mays L. (*),7400,2003
2003-11-10,403,B,4,4,f,101,Zea mays L. (*),7635,2003
2003-11-10,404,B,1,4,f,0,Zea mays L. (*),5506,2003
2003-11-10,405,B,8,4,f,246,Zea mays L. (*),7314,2003
2003-11-10,406,B,2,4,f,34,Zea mays L. (*),5325,2003
2003-11-10,407,B,3,4,f,67,Zea mays L. (*),6473,2003
2003-11-10,408,B,7,4,f,202,Zea mays L. (*),7376,2003
2003-11-10,409,B,9,4,f,291,Zea mays L. (*),7270,2003
2003-11-10,504,C,4,1,t,101,Zea mays L. (*),8154,2003
2003-11-10,505,C,5,1,t,134,Zea mays L. (*),8365,2003
2003-11-10,506,C,6,1,t,168,Zea mays L. (*),8730,2003
2003-11-10,507,C,7,1,t,202,Zea mays L. (*),8596,2003
2003-11-10,508,C,8,1,t,246,Zea mays L. (*),8103,2003
2003-11-10,509,C,9,1,t,291,Zea mays L. (*),9081,2003
2003-11-10,604,C,5,2,t,134,Zea mays L. (*),9303,2003
2003-11-10,605,C,3,2,t,67,Zea mays L. (*),7478,2003
2003-11-10,606,C,9,2,t,291,Zea mays L. (*),8985,2003
2003-11-10,607,C,8,2,t,246,Zea mays L. (*),9591,2003
2003-11-10,608,C,4,2,t,101,Zea mays L. (*),8727,2003
2003-11-10,609,C,6,2,t,168,Zea mays L. (*),9258,2003
2003-11-10,705,C,4,3,t,101,Zea mays L. (*),8734,2003
2003-11-10,706,C,5,3,t,134,Zea mays L. (*),8108,2003
2003-11-10,707,C,7,3,t,202,Zea mays L. (*),8065,2003
2003-11-10,708,C,6,3,t,168,Zea mays L. (*),,2003
2003-11-10,709,C,1,3,t,0,Zea mays L. (*),4531,2003
2003-11-10,805,C,8,4,t,246,Zea mays L. (*),9392,2003
2003-11-10,806,C,2,4,t,34,Zea mays L. (*),5682,2003
2003-11-10,807,C,3,4,t,67,Zea mays L. (*),6785,2003
2003-11-10,808,C,7,4,t,202,Zea mays L. (*),,2003
2003-11-10,809,C,9,4,t,291,Zea mays L. (*),8216,2003
2004-11-04,101,B,1,1,f,0,Zea mays L. (*),1207,2004
2004-11-04,501,C,1,1,t,0,Zea mays L. (*),2645,2004
2004-11-10,102,B,2,1,f,34,Zea mays L. (*),3324,2004
2004-11-10,103,B,3,1,f,67,Zea mays L. (*),6091,2004
2004-11-10,104,B,4,1,f,101,Zea mays L. (*),9224,2004
2004-11-10,105,B,5,1,f,134,Zea mays L. (*),9871,2004
2004-11-10,106,B,6,1,f,168,Zea mays L. (*),11468,2004
2004-11-10,107,B,7,1,f,202,Zea mays L. (*),10924,2004
2004-11-10,108,B,8,1,f,246,Zea mays L. (*),11563,2004
2004-11-10,109,B,9,1,f,291,Zea mays L. (*),11177,2004
2004-11-10,201,B,7,2,f,202,Zea mays L. (*),10246,2004
2004-11-10,202,B,2,2,f,34,Zea mays L. (*),2721,2004
2004-11-10,203,B,1,2,f,0,Zea mays L. (*),1101,2004
2004-11-10,204,B,5,2,f,134,Zea mays L. (*),9662,2004
2004-11-10,205,B,3,2,f,67,Zea mays L. (*),6118,2004
2004-11-10,206,B,9,2,f,291,Zea mays L. (*),12428,2004
2004-11-10,207,B,8,2,f,246,Zea mays L. (*),12067,2004
2004-11-10,208,B,4,2,f,101,Zea mays L. (*),5351,2004
2004-11-10,209,B,6,2,f,168,Zea mays L. (*),9534,2004
2004-11-10,301,B,9,3,f,291,Zea mays L. (*),11094,2004
2004-11-10,302,B,3,3,f,67,Zea mays L. (*),5940,2004
2004-11-10,303,B,8,3,f,246,Zea mays L. (*),11158,2004
2004-11-10,304,B,2,3,f,34,Zea mays L. (*),5003,2004
2004-11-10,305,B,4,3,f,101,Zea mays L. (*),8105,2004
2004-11-10,306,B,5,3,f,134,Zea mays L. (*),9694,2004
2004-11-10,307,B,7,3,f,202,Zea mays L. (*),10704,2004
2004-11-10,308,B,6,3,f,168,Zea mays L. (*),10506,2004
2004-11-10,309,B,1,3,f,0,Zea mays L. (*),1221,2004
2004-11-10,401,B,5,4,f,134,Zea mays L. (*),9470,2004
2004-11-10,402,B,6,4,f,168,Zea mays L. (*),10271,2004
2004-11-10,403,B,4,4,f,101,Zea mays L. (*),10112,2004
2004-11-10,404,B,1,4,f,0,Zea mays L. (*),2654,2004
2004-11-10,405,B,8,4,f,246,Zea mays L. (*),11347,2004
2004-11-10,406,B,2,4,f,34,Zea mays L. (*),2473,2004
2004-11-10,407,B,3,4,f,67,Zea mays L. (*),5457,2004
2004-11-10,408,B,7,4,f,202,Zea mays L. (*),9373,2004
2004-11-10,409,B,9,4,f,291,Zea mays L. (*),10428,2004
2004-11-10,502,C,2,1,t,34,Zea mays L. (*),4186,2004
2004-11-10,503,C,3,1,t,67,Zea mays L. (*),6369,2004
2004-11-10,504,C,4,1,t,101,Zea mays L. (*),8160,2004
2004-11-10,505,C,5,1,t,134,Zea mays L. (*),9217,2004
2004-11-10,506,C,6,1,t,168,Zea mays L. (*),9792,2004
2004-11-10,507,C,7,1,t,202,Zea mays L. (*),10750,2004
2004-11-10,508,C,8,1,t,246,Zea mays L. (*),10370,2004
2004-11-10,509,C,9,1,t,291,Zea mays L. (*),11684,2004
2004-11-10,601,C,7,2,t,202,Zea mays L. (*),11290,2004
2004-11-10,602,C,2,2,t,34,Zea mays L. (*),4985,2004
2004-11-10,603,C,1,2,t,0,Zea mays L. (*),4496,2004
2004-11-10,604,C,5,2,t,134,Zea mays L. (*),10636,2004
2004-11-10,605,C,3,2,t,67,Zea mays L. (*),7954,2004
2004-11-10,606,C,9,2,t,291,Zea mays L. (*),10669,2004
2004-11-10,607,C,8,2,t,246,Zea mays L. (*),10286,2004
2004-11-10,608,C,4,2,t,101,Zea mays L. (*),10218,2004
2004-11-10,609,C,6,2,t,168,Zea mays L. (*),10433,2004
2004-11-10,701,C,9,3,t,291,Zea mays L. (*),10494,2004
2004-11-10,702,C,3,3,t,67,Zea mays L. (*),4705,2004
2004-11-10,703,C,8,3,t,246,Zea mays L. (*),9714,2004
2004-11-10,704,C,2,3,t,34,Zea mays L. (*),4541,2004
2004-11-10,705,C,4,3,t,101,Zea mays L. (*),10077,2004
2004-11-10,706,C,5,3,t,134,Zea mays L. (*),10170,2004
2004-11-10,707,C,7,3,t,202,Zea mays L. (*),10345,2004
2004-11-10,708,C,6,3,t,168,Zea mays L. (*),11174,2004
2004-11-10,709,C,1,3,t,0,Zea mays L. (*),3275,2004
2004-11-10,801,C,5,4,t,134,Zea mays L. (*),10023,2004
2004-11-10,802,C,6,4,t,168,Zea mays L. (*),10387,2004
2004-11-10,803,C,4,4,t,101,Zea mays L. (*),8771,2004
2004-11-10,804,C,1,4,t,0,Zea mays L. (*),3184,2004
2004-11-10,805,C,8,4,t,246,Zea mays L. (*),11432,2004
2004-11-10,806,C,2,4,t,34,Zea mays L. (*),5357,2004
2004-11-10,807,C,3,4,t,67,Zea mays L. (*),6777,2004
2004-11-10,808,C,7,4,t,202,Zea mays L. (*),11066,2004
2004-11-10,809,C,9,4,t,291,Zea mays L. (*),11578,2004
2005-10-14,101,B,1,1,f,0,Zea mays L. (*),2739,2005
2005-10-14,101,D,1,1,f,0,Zea mays L. (*),7205,2005
2005-10-14,102,B,2,1,f,34,Zea mays L. (*),4773,2005
2005-10-14,102,D,2,1,f,34,Zea mays L. (*),8952,2005
2005-10-14,103,B,3,1,f,67,Zea mays L. (*),6605,2005
2005-10-14,103,D,3,1,f,67,Zea mays L. (*),9316,2005
2005-10-14,104,B,4,1,f,101,Zea mays L. (*),7291,2005
2005-10-14,104,D,4,1,f,101,Zea mays L. (*),9233,2005
2005-10-14,105,B,5,1,f,134,Zea mays L. (*),7822,2005
2005-10-14,105,D,5,1,f,134,Zea mays L. (*),8971,2005
2005-10-14,106,B,6,1,f,168,Zea mays L. (*),8495,2005
2005-10-14,106,D,6,1,f,168,Zea mays L. (*),7841,2005
2005-10-14,107,B,7,1,f,202,Zea mays L. (*),7973,2005
2005-10-14,107,D,7,1,f,202,Zea mays L. (*),8820,2005
2005-10-14,108,B,8,1,f,246,Zea mays L. (*),9098,2005
2005-10-14,108,D,8,1,f,246,Zea mays L. (*),8909,2005
2005-10-14,109,B,9,1,f,291,Zea mays L. (*),7836,2005
2005-10-14,109,D,9,1,f,291,Zea mays L. (*),8995,2005
2005-10-14,201,B,7,2,f,202,Zea mays L. (*),5319,2005
2005-10-14,201,D,7,2,f,202,Zea mays L. (*),9640,2005
2005-10-14,202,B,2,2,f,34,Zea mays L. (*),4795,2005
2005-10-14,202,D,2,2,f,34,Zea mays L. (*),9026,2005
2005-10-14,203,B,1,2,f,0,Zea mays L. (*),3450,2005
2005-10-14,203,D,1,2,f,0,Zea mays L. (*),6730,2005
2005-10-14,204,B,5,2,f,134,Zea mays L. (*),8771,2005
2005-10-14,204,D,5,2,f,134,Zea mays L. (*),8822,2005
2005-10-14,205,B,3,2,f,67,Zea mays L. (*),7537,2005
2005-10-14,205,D,3,2,f,67,Zea mays L. (*),9114,2005
2005-10-14,206,B,9,2,f,291,Zea mays L. (*),6079,2005
2005-10-14,206,D,9,2,f,291,Zea mays L. (*),8950,2005
2005-10-14,207,B,8,2,f,246,Zea mays L. (*),5764,2005
2005-10-14,207,D,8,2,f,246,Zea mays L. (*),8754,2005
2005-10-14,208,B,4,2,f,101,Zea mays L. (*),5727,2005
2005-10-14,208,D,4,2,f,101,Zea mays L. (*),8896,2005
2005-10-14,209,B,6,2,f,168,Zea mays L. (*),7152,2005
2005-10-14,209,D,6,2,f,168,Zea mays L. (*),8602,2005
2005-10-14,301,B,9,3,f,291,Zea mays L. (*),3993,2005
2005-10-14,301,D,9,3,f,291,Zea mays L. (*),8087,2005
2005-10-14,302,B,3,3,f,67,Zea mays L. (*),2737,2005
2005-10-14,302,D,3,3,f,67,Zea mays L. (*),8685,2005
2005-10-14,303,B,8,3,f,246,Zea mays L. (*),4492,2005
2005-10-14,303,D,8,3,f,246,Zea mays L. (*),8292,2005
2005-10-14,304,B,2,3,f,34,Zea mays L. (*),4407,2005
2005-10-14,304,D,2,3,f,34,Zea mays L. (*),8510,2005
2005-10-14,305,B,4,3,f,101,Zea mays L. (*),7350,2005
2005-10-14,305,D,4,3,f,101,Zea mays L. (*),9460,2005
2005-10-14,306,B,5,3,f,134,Zea mays L. (*),7349,2005
2005-10-14,306,D,5,3,f,134,Zea mays L. (*),8606,2005
2005-10-14,307,B,7,3,f,202,Zea mays L. (*),6701,2005
2005-10-14,307,D,7,3,f,202,Zea mays L. (*),9508,2005
2005-10-14,308,B,6,3,f,168,Zea mays L. (*),6687,2005
2005-10-14,308,D,6,3,f,168,Zea mays L. (*),9656,2005
2005-10-14,309,B,1,3,f,0,Zea mays L. (*),2964,2005
2005-10-14,309,D,1,3,f,0,Zea mays L. (*),7039,2005
2005-10-14,401,B,5,4,f,134,Zea mays L. (*),6973,2005
2005-10-14,401,D,5,4,f,134,Zea mays L. (*),9266,2005
2005-10-14,402,B,6,4,f,168,Zea mays L. (*),7155,2005
2005-10-14,402,D,6,4,f,168,Zea mays L. (*),9632,2005
2005-10-14,403,B,4,4,f,101,Zea mays L. (*),7575,2005
2005-10-14,403,D,4,4,f,101,Zea mays L. (*),9691,2005
2005-10-14,404,B,1,4,f,0,Zea mays L. (*),3964,2005
2005-10-14,404,D,1,4,f,0,Zea mays L. (*),6541,2005
2005-10-14,405,B,8,4,f,246,Zea mays L. (*),8676,2005
2005-10-14,405,D,8,4,f,246,Zea mays L. (*),9437,2005
2005-10-14,406,B,2,4,f,34,Zea mays L. (*),5100,2005
2005-10-14,406,D,2,4,f,34,Zea mays L. (*),7820,2005
2005-10-14,407,B,3,4,f,67,Zea mays L. (*),7125,2005
2005-10-14,407,D,3,4,f,67,Zea mays L. (*),8896,2005
2005-10-14,408,B,7,4,f,202,Zea mays L. (*),7922,2005
2005-10-14,408,D,7,4,f,202,Zea mays L. (*),8540,2005
2005-10-14,409,B,9,4,f,291,Zea mays L. (*),8588,2005
2005-10-14,409,D,9,4,f,291,Zea mays L. (*),8190,2005
2005-10-14,501,D,1,1,t,0,Zea mays L. (*),10149,2005
2005-10-14,502,D,2,1,t,34,Zea mays L. (*),11280,2005
2005-10-14,503,D,3,1,t,67,Zea mays L. (*),12761,2005
2005-10-14,504,D,4,1,t,101,Zea mays L. (*),13044,2005
2005-10-14,505,D,5,1,t,134,Zea mays L. (*),12399,2005
2005-10-14,506,D,6,1,t,168,Zea mays L. (*),12589,2005
2005-10-14,507,D,7,1,t,202,Zea mays L. (*),12926,2005
2005-10-14,508,D,8,1,t,246,Zea mays L. (*),13285,2005
2005-10-14,509,D,9,1,t,291,Zea mays L. (*),13005,2005
2005-10-14,601,D,7,2,t,202,Zea mays L. (*),13131,2005
2005-10-14,602,D,2,2,t,34,Zea mays L. (*),11302,2005
2005-10-14,603,D,1,2,t,0,Zea mays L. (*),10069,2005
2005-10-14,604,D,5,2,t,134,Zea mays L. (*),12784,2005
2005-10-14,605,D,3,2,t,67,Zea mays L. (*),12285,2005
2005-10-14,606,D,9,2,t,291,Zea mays L. (*),13125,2005
2005-10-14,607,D,8,2,t,246,Zea mays L. (*),13778,2005
2005-10-14,608,D,4,2,t,101,Zea mays L. (*),13475,2005
2005-10-14,609,D,6,2,t,168,Zea mays L. (*),14291,2005
2005-10-14,701,D,9,3,t,291,Zea mays L. (*),13332,2005
2005-10-14,702,D,3,3,t,67,Zea mays L. (*),12747,2005
2005-10-14,703,D,8,3,t,246,Zea mays L. (*),12430,2005
2005-10-14,704,D,2,3,t,34,Zea mays L. (*),11237,2005
2005-10-14,705,D,4,3,t,101,Zea mays L. (*),12894,2005
2005-10-14,706,D,5,3,t,134,Zea mays L. (*),12570,2005
2005-10-14,707,D,7,3,t,202,Zea mays L. (*),13445,2005
2005-10-14,708,D,6,3,t,168,Zea mays L. (*),12934,2005
2005-10-14,709,D,1,3,t,0,Zea mays L. (*),11079,2005
2005-10-14,801,D,5,4,t,134,Zea mays L. (*),12803,2005
2005-10-14,802,D,6,4,t,168,Zea mays L. (*),12750,2005
2005-10-14,803,D,4,4,t,101,Zea mays L. (*),13743,2005
2005-10-14,804,D,1,4,t,0,Zea mays L. (*),9720,2005
2005-10-14,805,D,8,4,t,246,Zea mays L. (*),13553,2005
2005-10-14,806,D,2,4,t,34,Zea mays L. (*),12993,2005
2005-10-14,807,D,3,4,t,67,Zea mays L. (*),13263,2005
2005-10-14,808,D,7,4,t,202,Zea mays L. (*),13211,2005
2005-10-14,809,D,9,4,t,291,Zea mays L. (*),14134,2005
2006-10-30,101,D,1,1,f,0,Glycine max L. (*),3582,2006
2006-10-30,102,D,2,1,f,0,Glycine max L. (*),3347,2006
2006-10-30,103,D,3,1,f,0,Glycine max L. (*),3569,2006
2006-10-30,104,D,4,1,f,0,Glycine max L. (*),3833,2006
2006-10-30,105,D,5,1,f,0,Glycine max L. (*),3747,2006
2006-10-30,106,D,6,1,f,0,Glycine max L. (*),3763,2006
2006-10-30,107,D,7,1,f,0,Glycine max L. (*),3745,2006
2006-10-30,108,D,8,1,f,0,Glycine max L. (*),3530,2006
2006-10-30,109,D,9,1,f,0,Glycine max L. (*),3726,2006
2006-10-30,201,D,7,2,f,0,Glycine max L. (*),3681,2006
2006-10-30,202,D,2,2,f,0,Glycine max L. (*),3655,2006
2006-10-30,203,D,1,2,f,0,Glycine max L. (*),3663,2006
2006-10-30,204,D,5,2,f,0,Glycine max L. (*),3911,2006
2006-10-30,205,D,3,2,f,0,Glycine max L. (*),3823,2006
2006-10-30,206,D,9,2,f,0,Glycine max L. (*),3595,2006
2006-10-30,207,D,8,2,f,0,Glycine max L. (*),3595,2006
2006-10-30,208,D,4,2,f,0,Glycine max L. (*),3696,2006
2006-10-30,209,D,6,2,f,0,Glycine max L. (*),3743,2006
2006-10-30,301,D,9,3,f,0,Glycine max L. (*),3752,2006
2006-10-30,302,D,3,3,f,0,Glycine max L. (*),3490,2006
2006-10-30,303,D,8,3,f,0,Glycine max L. (*),3620,2006
2006-10-30,304,D,2,3,f,0,Glycine max L. (*),3549,2006
2006-10-30,305,D,4,3,f,0,Glycine max L. (*),3631,2006
2006-10-30,306,D,5,3,f,0,Glycine max L. (*),3553,2006
2006-10-30,307,D,7,3,f,0,Glycine max L. (*),3862,2006
2006-10-30,308,D,6,3,f,0,Glycine max L. (*),3663,2006
2006-10-30,309,D,1,3,f,0,Glycine max L. (*),3771,2006
2006-10-30,401,D,5,4,f,0,Glycine max L. (*),3434,2006
2006-10-30,402,D,6,4,f,0,Glycine max L. (*),3754,2006
2006-10-30,403,D,4,4,f,0,Glycine max L. (*),3737,2006
2006-10-30,404,D,1,4,f,0,Glycine max L. (*),3642,2006
2006-10-30,405,D,8,4,f,0,Glycine max L. (*),4002,2006
2006-10-30,406,D,2,4,f,0,Glycine max L. (*),3640,2006
2006-10-30,407,D,3,4,f,0,Glycine max L. (*),3711,2006
2006-10-30,408,D,7,4,f,0,Glycine max L. (*),3668,2006
2006-10-30,409,D,9,4,f,0,Glycine max L. (*),3668,2006
2006-10-30,501,D,1,1,t,0,Glycine max L. (*),4019,2006
2006-10-30,502,D,2,1,t,0,Glycine max L. (*),3970,2006
2006-10-30,503,D,3,1,t,0,Glycine max L. (*),3987,2006
2006-10-30,504,D,4,1,t,0,Glycine max L. (*),3928,2006
2006-10-30,505,D,5,1,t,0,Glycine max L. (*),3871,2006
2006-10-30,506,D,6,1,t,0,Glycine max L. (*),3810,2006
2006-10-30,507,D,7,1,t,0,Glycine max L. (*),3517,2006
2006-10-30,508,D,8,1,t,0,Glycine max L. (*),3957,2006
2006-10-30,509,D,9,1,t,0,Glycine max L. (*),3780,2006
2006-10-30,601,D,7,2,t,0,Glycine max L. (*),3892,2006
2006-10-30,602,D,2,2,t,0,Glycine max L. (*),3837,2006
2006-10-30,603,D,1,2,t,0,Glycine max L. (*),4025,2006
2006-10-30,604,D,5,2,t,0,Glycine max L. (*),3922,2006
2006-10-30,605,D,3,2,t,0,Glycine max L. (*),3944,2006
2006-10-30,606,D,9,2,t,0,Glycine max L. (*),3878,2006
2006-10-30,607,D,8,2,t,0,Glycine max L. (*),3733,2006
2006-10-30,608,D,4,2,t,0,Glycine max L. (*),3773,2006
2006-10-30,609,D,6,2,t,0,Glycine max L. (*),3867,2006
2006-10-30,701,D,9,3,t,0,Glycine max L. (*),3825,2006
2006-10-30,702,D,3,3,t,0,Glycine max L. (*),3995,2006
2006-10-30,703,D,8,3,t,0,Glycine max L. (*),3943,2006
2006-10-30,704,D,2,3,t,0,Glycine max L. (*),4247,2006
2006-10-30,705,D,4,3,t,0,Glycine max L. (*),3974,2006
2006-10-30,706,D,5,3,t,0,Glycine max L. (*),3871,2006
2006-10-30,707,D,7,3,t,0,Glycine max L. (*),4162,2006
2006-10-30,708,D,6,3,t,0,Glycine max L. (*),4061,2006
2006-10-30,709,D,1,3,t,0,Glycine max L. (*),3830,2006
2006-10-30,801,D,5,4,t,0,Glycine max L. (*),4000,2006
2006-10-30,802,D,6,4,t,0,Glycine max L. (*),3847,2006
2006-10-30,803,D,4,4,t,0,Glycine max L. (*),3982,2006
2006-10-30,804,D,1,4,t,0,Glycine max L. (*),3606,2006
2006-10-30,805,D,8,4,t,0,Glycine max L. (*),3532,2006
2006-10-30,806,D,2,4,t,0,Glycine max L. (*),3962,2006
2006-10-30,807,D,3,4,t,0,Glycine max L. (*),3834,2006
2006-10-30,808,D,7,4,t,0,Glycine max L. (*),3724,2006
2006-10-30,809,D,9,4,t,0,Glycine max L. (*),3799,2006
2007-07-12,101,D,1,1,f,0,Triticum aestivum L. (*),1829,2007
2007-07-12,102,D,2,1,f,34,Triticum aestivum L. (*),2203,2007
2007-07-12,103,D,3,1,f,67,Triticum aestivum L. (*),3524,2007
2007-07-12,104,D,4,1,f,101,Triticum aestivum L. (*),3807,2007
2007-07-12,105,D,5,1,f,134,Triticum aestivum L. (*),3902,2007
2007-07-12,106,D,6,1,f,168,Triticum aestivum L. (*),3757,2007
2007-07-12,107,D,7,1,f,202,Triticum aestivum L. (*),3784,2007
2007-07-12,108,D,8,1,f,246,Triticum aestivum L. (*),3631,2007
2007-07-12,109,D,9,1,f,291,Triticum aestivum L. (*),3814,2007
2007-07-12,201,D,7,2,f,202,Triticum aestivum L. (*),3803,2007
2007-07-12,202,D,2,2,f,34,Triticum aestivum L. (*),2793,2007
2007-07-12,203,D,1,2,f,0,Triticum aestivum L. (*),2044,2007
2007-07-12,204,D,5,2,f,134,Triticum aestivum L. (*),3256,2007
2007-07-12,205,D,3,2,f,67,Triticum aestivum L. (*),3923,2007
2007-07-12,206,D,9,2,f,291,Triticum aestivum L. (*),3534,2007
2007-07-12,207,D,8,2,f,246,Triticum aestivum L. (*),3714,2007
2007-07-12,208,D,4,2,f,101,Triticum aestivum L. (*),3804,2007
2007-07-12,209,D,6,2,f,168,Triticum aestivum L. (*),3817,2007
2007-07-12,301,D,9,3,f,291,Triticum aestivum L. (*),3491,2007
2007-07-12,302,D,3,3,f,67,Triticum aestivum L. (*),3639,2007
2007-07-12,303,D,8,3,f,246,Triticum aestivum L. (*),3773,2007
2007-07-12,304,D,2,3,f,34,Triticum aestivum L. (*),2973,2007
2007-07-12,305,D,4,3,f,101,Triticum aestivum L. (*),4276,2007
2007-07-12,306,D,5,3,f,134,Triticum aestivum L. (*),4109,2007
2007-07-12,307,D,7,3,f,202,Triticum aestivum L. (*),4582,2007
2007-07-12,308,D,6,3,f,168,Triticum aestivum L. (*),4736,2007
2007-07-12,309,D,1,3,f,0,Triticum aestivum L. (*),2476,2007
2007-07-12,401,D,5,4,f,134,Triticum aestivum L. (*),4568,2007
2007-07-12,402,D,6,4,f,168,Triticum aestivum L. (*),4585,2007
2007-07-12,403,D,4,4,f,101,Triticum aestivum L. (*),4488,2007
2007-07-12,404,D,1,4,f,0,Triticum aestivum L. (*),2207,2007
2007-07-12,405,D,8,4,f,246,Triticum aestivum L. (*),4260,2007
2007-07-12,406,D,2,4,f,34,Triticum aestivum L. (*),3064,2007
2007-07-12,407,D,3,4,f,67,Triticum aestivum L. (*),4094,2007
2007-07-12,408,D,7,4,f,202,Triticum aestivum L. (*),3848,2007
2007-07-12,409,D,9,4,f,291,Triticum aestivum L. (*),3723,2007
2007-07-12,501,D,1,1,t,0,Triticum aestivum L. (*),2626,2007
2007-07-12,502,D,2,1,t,34,Triticum aestivum L. (*),3417,2007
2007-07-12,503,D,3,1,t,67,Triticum aestivum L. (*),4798,2007
2007-07-12,504,D,4,1,t,101,Triticum aestivum L. (*),5425,2007
2007-07-12,505,D,5,1,t,134,Triticum aestivum L. (*),5475,2007
2007-07-12,506,D,6,1,t,168,Triticum aestivum L. (*),5568,2007
2007-07-12,507,D,7,1,t,202,Triticum aestivum L. (*),5643,2007
2007-07-12,508,D,8,1,t,246,Triticum aestivum L. (*),6078,2007
2007-07-12,509,D,9,1,t,291,Triticum aestivum L. (*),5450,2007
2007-07-12,601,D,7,2,t,202,Triticum aestivum L. (*),5444,2007
2007-07-12,602,D,2,2,t,34,Triticum aestivum L. (*),3809,2007
2007-07-12,603,D,1,2,t,0,Triticum aestivum L. (*),2554,2007
2007-07-12,604,D,5,2,t,134,Triticum aestivum L. (*),4876,2007
2007-07-12,605,D,3,2,t,67,Triticum aestivum L. (*),4727,2007
2007-07-12,606,D,9,2,t,291,Triticum aestivum L. (*),5512,2007
2007-07-12,607,D,8,2,t,246,Triticum aestivum L. (*),6364,2007
2007-07-12,608,D,4,2,t,101,Triticum aestivum L. (*),5915,2007
2007-07-12,609,D,6,2,t,168,Triticum aestivum L. (*),6302,2007
2007-07-12,701,D,9,3,t,291,Triticum aestivum L. (*),5670,2007
2007-07-12,702,D,3,3,t,67,Triticum aestivum L. (*),4789,2007
2007-07-12,703,D,8,3,t,246,Triticum aestivum L. (*),5600,2007
2007-07-12,704,D,2,3,t,34,Triticum aestivum L. (*),3219,2007
2007-07-12,705,D,4,3,t,101,Triticum aestivum L. (*),5193,2007
2007-07-12,706,D,5,3,t,134,Triticum aestivum L. (*),5093,2007
2007-07-12,707,D,7,3,t,202,Triticum aestivum L. (*),5330,2007
2007-07-12,708,D,6,3,t,168,Triticum aestivum L. (*),5537,2007
2007-07-12,709,D,1,3,t,0,Triticum aestivum L. (*),2460,2007
2007-07-12,801,D,5,4,t,134,Triticum aestivum L. (*),6124,2007
2007-07-12,802,D,6,4,t,168,Triticum aestivum L. (*),5839,2007
2007-07-12,803,D,4,4,t,101,Triticum aestivum L. (*),5706,2007
2007-07-12,804,D,1,4,t,0,Triticum aestivum L. (*),3027,2007
2007-07-12,805,D,8,4,t,246,Triticum aestivum L. (*),5119,2007
2007-07-12,806,D,2,4,t,34,Triticum aestivum L. (*),3658,2007
2007-07-12,807,D,3,4,t,67,Triticum aestivum L. (*),5226,2007
2007-07-12,808,D,7,4,t,202,Triticum aestivum L. (*),6226,2007
2007-07-12,809,D,9,4,t,291,Triticum aestivum L. (*),6294,2007
2008-10-31,101,D,1,1,f,0,Zea mays L. (*),4139,2008
2008-10-31,102,D,2,1,f,34,Zea mays L. (*),5961,2008
2008-10-31,103,D,3,1,f,67,Zea mays L. (*),6538,2008
2008-10-31,104,D,4,1,f,101,Zea mays L. (*),6741,2008
2008-10-31,105,D,5,1,f,134,Zea mays L. (*),7076,2008
2008-10-31,106,D,6,1,f,168,Zea mays L. (*),6868,2008
2008-10-31,107,D,7,1,f,202,Zea mays L. (*),7394,2008
2008-10-31,108,D,8,1,f,246,Zea mays L. (*),7328,2008
2008-10-31,109,D,9,1,f,291,Zea mays L. (*),6949,2008
2008-10-31,201,D,7,2,f,202,Zea mays L. (*),8130,2008
2008-10-31,202,D,2,2,f,34,Zea mays L. (*),7342,2008
2008-10-31,203,D,1,2,f,0,Zea mays L. (*),5050,2008
2008-10-31,204,D,5,2,f,134,Zea mays L. (*),7624,2008
2008-10-31,205,D,3,2,f,67,Zea mays L. (*),6954,2008
2008-10-31,206,D,9,2,f,291,Zea mays L. (*),7363,2008
2008-10-31,207,D,8,2,f,246,Zea mays L. (*),7248,2008
2008-10-31,208,D,4,2,f,101,Zea mays L. (*),6890,2008
2008-10-31,209,D,6,2,f,168,Zea mays L. (*),7653,2008
2008-10-31,301,D,9,3,f,291,Zea mays L. (*),5741,2008
2008-10-31,302,D,3,3,f,67,Zea mays L. (*),6277,2008
2008-10-31,303,D,8,3,f,246,Zea mays L. (*),6145,2008
2008-10-31,304,D,2,3,f,34,Zea mays L. (*),5602,2008
2008-10-31,305,D,4,3,f,101,Zea mays L. (*),6585,2008
2008-10-31,306,D,5,3,f,134,Zea mays L. (*),6812,2008
2008-10-31,307,D,7,3,f,202,Zea mays L. (*),7673,2008
2008-10-31,308,D,6,3,f,168,Zea mays L. (*),8257,2008
2008-10-31,309,D,1,3,f,0,Zea mays L. (*),5225,2008
2008-10-31,401,D,5,4,f,134,Zea mays L. (*),7182,2008
2008-10-31,402,D,6,4,f,168,Zea mays L. (*),7570,2008
2008-10-31,403,D,4,4,f,101,Zea mays L. (*),7763,2008
2008-10-31,404,D,1,4,f,0,Zea mays L. (*),4908,2008
2008-10-31,405,D,8,4,f,246,Zea mays L. (*),7409,2008
2008-10-31,406,D,2,4,f,34,Zea mays L. (*),6491,2008
2008-10-31,407,D,3,4,f,67,Zea mays L. (*),6436,2008
2008-10-31,408,D,7,4,f,202,Zea mays L. (*),6469,2008
2008-10-31,409,D,9,4,f,291,Zea mays L. (*),6777,2008
2008-10-31,501,D,1,1,t,0,Zea mays L. (*),7105,2008
2008-10-31,502,D,2,1,t,34,Zea mays L. (*),8874,2008
2008-10-31,503,D,3,1,t,67,Zea mays L. (*),9748,2008
2008-10-31,504,D,4,1,t,101,Zea mays L. (*),10964,2008
2008-10-31,505,D,5,1,t,134,Zea mays L. (*),11170,2008
2008-10-31,506,D,6,1,t,168,Zea mays L. (*),12390,2008
2008-10-31,507,D,7,1,t,202,Zea mays L. (*),11881,2008
2008-10-31,508,D,8,1,t,246,Zea mays L. (*),13372,2008
2008-10-31,509,D,9,1,t,291,Zea mays L. (*),12982,2008
2008-10-31,601,D,7,2,t,202,Zea mays L. (*),12458,2008
2008-10-31,602,D,2,2,t,34,Zea mays L. (*),7829,2008
2008-10-31,603,D,1,2,t,0,Zea mays L. (*),6077,2008
2008-10-31,604,D,5,2,t,134,Zea mays L. (*),10755,2008
2008-10-31,605,D,3,2,t,67,Zea mays L. (*),7679,2008
2008-10-31,606,D,9,2,t,291,Zea mays L. (*),12797,2008
2008-10-31,607,D,8,2,t,246,Zea mays L. (*),12604,2008
2008-10-31,608,D,4,2,t,101,Zea mays L. (*),10444,2008
2008-10-31,609,D,6,2,t,168,Zea mays L. (*),12717,2008
2008-10-31,701,D,9,3,t,291,Zea mays L. (*),12148,2008
2008-10-31,702,D,3,3,t,67,Zea mays L. (*),10675,2008
2008-10-31,703,D,8,3,t,246,Zea mays L. (*),12286,2008
2008-10-31,704,D,2,3,t,34,Zea mays L. (*),8786,2008
2008-10-31,705,D,4,3,t,101,Zea mays L. (*),10038,2008
2008-10-31,706,D,5,3,t,134,Zea mays L. (*),11541,2008
2008-10-31,707,D,7,3,t,202,Zea mays L. (*),12629,2008
2008-10-31,708,D,6,3,t,168,Zea mays L. (*),12658,2008
2008-10-31,709,D,1,3,t,0,Zea mays L. (*),6240,2008
2008-10-31,801,D,5,4,t,134,Zea mays L. (*),10566,2008
2008-10-31,802,D,6,4,t,168,Zea mays L. (*),11872,2008
2008-10-31,803,D,4,4,t,101,Zea mays L. (*),10935,2008
2008-10-31,804,D,1,4,t,0,Zea mays L. (*),6487,2008
2008-10-31,805,D,8,4,t,246,Zea mays L. (*),12638,2008
2008-10-31,806,D,2,4,t,34,Zea mays L. (*),9396,2008
2008-10-31,807,D,3,4,t,67,Zea mays L. (*),10234,2008
2008-10-31,808,D,7,4,t,202,Zea mays L. (*),12390,2008
2008-10-31,809,D,9,4,t,291,Zea mays L. (*),12289,2008
2009-10-21,101,D,1,1,f,0,Glycine max L. (*),2708,2009
2009-10-21,102,D,2,1,f,0,Glycine max L. (*),2793,2009
2009-10-21,103,D,3,1,f,0,Glycine max L. (*),2977,2009
2009-10-21,104,D,4,1,f,0,Glycine max L. (*),3209,2009
2009-10-21,105,D,5,1,f,0,Glycine max L. (*),3216,2009
2009-10-21,106,D,6,1,f,0,Glycine max L. (*),3025,2009
2009-10-21,107,D,7,1,f,0,Glycine max L. (*),3487,2009
2009-10-21,108,D,8,1,f,0,Glycine max L. (*),2770,2009
2009-10-21,109,D,9,1,f,0,Glycine max L. (*),2814,2009
2009-10-21,201,D,7,2,f,0,Glycine max L. (*),2605,2009
2009-10-21,202,D,2,2,f,0,Glycine max L. (*),3340,2009
2009-10-21,203,D,1,2,f,0,Glycine max L. (*),3147,2009
2009-10-21,204,D,5,2,f,0,Glycine max L. (*),2646,2009
2009-10-21,205,D,3,2,f,0,Glycine max L. (*),3174,2009
2009-10-21,206,D,9,2,f,0,Glycine max L. (*),2421,2009
2009-10-21,207,D,8,2,f,0,Glycine max L. (*),2465,2009
2009-10-21,208,D,4,2,f,0,Glycine max L. (*),2723,2009
2009-10-21,209,D,6,2,f,0,Glycine max L. (*),2954,2009
2009-10-21,301,D,9,3,f,0,Glycine max L. (*),2768,2009
2009-10-21,302,D,3,3,f,0,Glycine max L. (*),3202,2009
2009-10-21,303,D,8,3,f,0,Glycine max L. (*),2789,2009
2009-10-21,304,D,2,3,f,0,Glycine max L. (*),3180,2009
2009-10-21,305,D,4,3,f,0,Glycine max L. (*),3165,2009
2009-10-21,306,D,5,3,f,0,Glycine max L. (*),3056,2009
2009-10-21,307,D,7,3,f,0,Glycine max L. (*),3546,2009
2009-10-21,308,D,6,3,f,0,Glycine max L. (*),3710,2009
2009-10-21,309,D,1,3,f,0,Glycine max L. (*),3615,2009
2009-10-21,401,D,5,4,f,0,Glycine max L. (*),3215,2009
2009-10-21,402,D,6,4,f,0,Glycine max L. (*),3172,2009
2009-10-21,403,D,4,4,f,0,Glycine max L. (*),2831,2009
2009-10-21,404,D,1,4,f,0,Glycine max L. (*),2763,2009
2009-10-21,405,D,8,4,f,0,Glycine max L. (*),3037,2009
2009-10-21,406,D,2,4,f,0,Glycine max L. (*),2835,2009
2009-10-21,407,D,3,4,f,0,Glycine max L. (*),3110,2009
2009-10-21,408,D,7,4,f,0,Glycine max L. (*),2539,2009
2009-10-21,409,D,9,4,f,0,Glycine max L. (*),2443,2009
2009-10-21,501,D,1,1,t,0,Glycine max L. (*),4323,2009
2009-10-21,502,D,2,1,t,0,Glycine max L. (*),4249,2009
2009-10-21,503,D,3,1,t,0,Glycine max L. (*),4084,2009
2009-10-21,504,D,4,1,t,0,Glycine max L. (*),3737,2009
2009-10-21,505,D,5,1,t,0,Glycine max L. (*),3973,2009
2009-10-21,506,D,6,1,t,0,Glycine max L. (*),3965,2009
2009-10-21,507,D,7,1,t,0,Glycine max L. (*),3857,2009
2009-10-21,508,D,8,1,t,0,Glycine max L. (*),3712,2009
2009-10-21,509,D,9,1,t,0,Glycine max L. (*),4105,2009
2009-10-21,601,D,7,2,t,0,Glycine max L. (*),3881,2009
2009-10-21,602,D,2,2,t,0,Glycine max L. (*),4038,2009
2009-10-21,603,D,1,2,t,0,Glycine max L. (*),4096,2009
2009-10-21,604,D,5,2,t,0,Glycine max L. (*),4091,2009
2009-10-21,605,D,3,2,t,0,Glycine max L. (*),4043,2009
2009-10-21,606,D,9,2,t,0,Glycine max L. (*),4395,2009
2009-10-21,607,D,8,2,t,0,Glycine max L. (*),3812,2009
2009-10-21,608,D,4,2,t,0,Glycine max L. (*),3771,2009
2009-10-21,609,D,6,2,t,0,Glycine max L. (*),3759,2009
2009-10-21,701,D,9,3,t,0,Glycine max L. (*),4031,2009
2009-10-21,702,D,3,3,t,0,Glycine max L. (*),4010,2009
2009-10-21,703,D,8,3,t,0,Glycine max L. (*),3760,2009
2009-10-21,704,D,2,3,t,0,Glycine max L. (*),3922,2009
2009-10-21,705,D,4,3,t,0,Glycine max L. (*),4050,2009
2009-10-21,706,D,5,3,t,0,Glycine max L. (*),3712,2009
2009-10-21,707,D,7,3,t,0,Glycine max L. (*),4190,2009
2009-10-21,708,D,6,3,t,0,Glycine max L. (*),3924,2009
2009-10-21,709,D,1,3,t,0,Glycine max L. (*),4066,2009
2009-10-21,801,D,5,4,t,0,Glycine max L. (*),3858,2009
2009-10-21,802,D,6,4,t,0,Glycine max L. (*),3991,2009
2009-10-21,803,D,4,4,t,0,Glycine max L. (*),3913,2009
2009-10-21,804,D,1,4,t,0,Glycine max L. (*),,2009
2009-10-21,805,D,8,4,t,0,Glycine max L. (*),,2009
2009-10-21,806,D,2,4,t,0,Glycine max L. (*),3707,2009
2009-10-21,807,D,3,4,t,0,Glycine max L. (*),3776,2009
2009-10-21,808,D,7,4,t,0,Glycine max L. (*),4089,2009
2009-10-21,809,D,9,4,t,0,Glycine max L. (*),3632,2009
2010-07-16,101,D,1,1,f,0,Triticum aestivum L. (*),2243,2010
2010-07-16,102,D,2,1,f,22,Triticum aestivum L. (*),2668,2010
2010-07-16,103,D,3,1,f,45,Triticum aestivum L. (*),3042,2010
2010-07-16,104,D,4,1,f,67,Triticum aestivum L. (*),3561,2010
2010-07-16,105,D,5,1,f,90,Triticum aestivum L. (*),3528,2010
2010-07-16,106,D,6,1,f,112,Triticum aestivum L. (*),3472,2010
2010-07-16,107,D,7,1,f,134,Triticum aestivum L. (*),3573,2010
2010-07-16,108,D,8,1,f,157,Triticum aestivum L. (*),3171,2010
2010-07-16,109,D,9,1,f,179,Triticum aestivum L. (*),3401,2010
2010-07-16,201,D,7,2,f,134,Triticum aestivum L. (*),3503,2010
2010-07-16,202,D,2,2,f,22,Triticum aestivum L. (*),2876,2010
2010-07-16,203,D,1,2,f,0,Triticum aestivum L. (*),2114,2010
2010-07-16,204,D,5,2,f,90,Triticum aestivum L. (*),3768,2010
2010-07-16,205,D,3,2,f,45,Triticum aestivum L. (*),3362,2010
2010-07-16,206,D,9,2,f,179,Triticum aestivum L. (*),3328,2010
2010-07-16,207,D,8,2,f,157,Triticum aestivum L. (*),3140,2010
2010-07-16,208,D,4,2,f,67,Triticum aestivum L. (*),2916,2010
2010-07-16,209,D,6,2,f,112,Triticum aestivum L. (*),3048,2010
2010-07-16,301,D,9,3,f,179,Triticum aestivum L. (*),3577,2010
2010-07-16,302,D,3,3,f,45,Triticum aestivum L. (*),3381,2010
2010-07-16,303,D,8,3,f,157,Triticum aestivum L. (*),3594,2010
2010-07-16,304,D,2,3,f,22,Triticum aestivum L. (*),2795,2010
2010-07-16,305,D,4,3,f,67,Triticum aestivum L. (*),3400,2010
2010-07-16,306,D,5,3,f,90,Triticum aestivum L. (*),3637,2010
2010-07-16,307,D,7,3,f,134,Triticum aestivum L. (*),3756,2010
2010-07-16,308,D,6,3,f,112,Triticum aestivum L. (*),3852,2010
2010-07-16,309,D,1,3,f,0,Triticum aestivum L. (*),2268,2010
2010-07-16,401,D,5,4,f,90,Triticum aestivum L. (*),3518,2010
2010-07-16,402,D,6,4,f,112,Triticum aestivum L. (*),3591,2010
2010-07-16,403,D,4,4,f,67,Triticum aestivum L. (*),3578,2010
2010-07-16,404,D,1,4,f,0,Triticum aestivum L. (*),1786,2010
2010-07-16,405,D,8,4,f,157,Triticum aestivum L. (*),3174,2010
2010-07-16,406,D,2,4,f,22,Triticum aestivum L. (*),2586,2010
2010-07-16,407,D,3,4,f,45,Triticum aestivum L. (*),3013,2010
2010-07-16,408,D,7,4,f,134,Triticum aestivum L. (*),2972,2010
2010-07-16,409,D,9,4,f,179,Triticum aestivum L. (*),3169,2010
2010-07-16,501,D,1,1,t,0,Triticum aestivum L. (*),2400,2010
2010-07-16,502,D,2,1,t,22,Triticum aestivum L. (*),3096,2010
2010-07-16,503,D,3,1,t,45,Triticum aestivum L. (*),3617,2010
2010-07-16,504,D,4,1,t,67,Triticum aestivum L. (*),3948,2010
2010-07-16,505,D,5,1,t,90,Triticum aestivum L. (*),3594,2010
2010-07-16,506,D,6,1,t,112,Triticum aestivum L. (*),3811,2010
2010-07-16,507,D,7,1,t,134,Triticum aestivum L. (*),3865,2010
2010-07-16,508,D,8,1,t,157,Triticum aestivum L. (*),3976,2010
2010-07-16,509,D,9,1,t,179,Triticum aestivum L. (*),4251,2010
2010-07-16,601,D,7,2,t,134,Triticum aestivum L. (*),3941,2010
2010-07-16,602,D,2,2,t,22,Triticum aestivum L. (*),3170,2010
2010-07-16,603,D,1,2,t,0,Triticum aestivum L. (*),2220,2010
2010-07-16,604,D,5,2,t,90,Triticum aestivum L. (*),3579,2010
2010-07-16,605,D,3,2,t,45,Triticum aestivum L. (*),3516,2010
2010-07-16,606,D,9,2,t,179,Triticum aestivum L. (*),3879,2010
2010-07-16,607,D,8,2,t,157,Triticum aestivum L. (*),4046,2010
2010-07-16,608,D,4,2,t,67,Triticum aestivum L. (*),4378,2010
2010-07-16,609,D,6,2,t,112,Triticum aestivum L. (*),4461,2010
2010-07-16,701,D,9,3,t,179,Triticum aestivum L. (*),3782,2010
2010-07-16,702,D,3,3,t,45,Triticum aestivum L. (*),3459,2010
2010-07-16,703,D,8,3,t,157,Triticum aestivum L. (*),3642,2010
2010-07-16,704,D,2,3,t,22,Triticum aestivum L. (*),2928,2010
2010-07-16,705,D,4,3,t,67,Triticum aestivum L. (*),3271,2010
2010-07-16,706,D,5,3,t,90,Triticum aestivum L. (*),3101,2010
2010-07-16,707,D,7,3,t,134,Triticum aestivum L. (*),3632,2010
2010-07-16,708,D,6,3,t,112,Triticum aestivum L. (*),3771,2010
2010-07-16,709,D,1,3,t,0,Triticum aestivum L. (*),2780,2010
2010-07-16,801,D,5,4,t,90,Triticum aestivum L. (*),4418,2010
2010-07-16,802,D,6,4,t,112,Triticum aestivum L. (*),3672,2010
2010-07-16,803,D,4,4,t,67,Triticum aestivum L. (*),3711,2010
2010-07-16,804,D,1,4,t,0,Triticum aestivum L. (*),2240,2010
2010-07-16,805,D,8,4,t,157,Triticum aestivum L. (*),3735,2010
2010-07-16,806,D,2,4,t,22,Triticum aestivum L. (*),3556,2010
2010-07-16,807,D,3,4,t,45,Triticum aestivum L. (*),3506,2010
2010-07-16,808,D,7,4,t,134,Triticum aestivum L. (*),4249,2010
2010-07-16,809,D,9,4,t,179,Triticum aestivum L. (*),4238,2010
2011-11-17,101,D,1,1,f,0,Zea mays L. (*),5578,2011
2011-11-17,102,D,2,1,f,34,Zea mays L. (*),7739,2011
2011-11-17,103,D,3,1,f,67,Zea mays L. (*),9797,2011
2011-11-17,104,D,4,1,f,101,Zea mays L. (*),11680,2011
2011-11-17,105,D,5,1,f,134,Zea mays L. (*),12673,2011
2011-11-17,106,D,6,1,f,168,Zea mays L. (*),12956,2011
2011-11-17,107,D,7,1,f,202,Zea mays L. (*),13976,2011
2011-11-17,108,D,8,1,f,246,Zea mays L. (*),13660,2011
2011-11-17,109,D,9,1,f,291,Zea mays L. (*),13839,2011
2011-11-17,201,D,7,2,f,202,Zea mays L. (*),13523,2011
2011-11-17,202,D,2,2,f,34,Zea mays L. (*),7801,2011
2011-11-17,203,D,1,2,f,0,Zea mays L. (*),5518,2011
2011-11-17,204,D,5,2,f,134,Zea mays L. (*),12535,2011
2011-11-17,205,D,3,2,f,67,Zea mays L. (*),9796,2011
2011-11-17,206,D,9,2,f,291,Zea mays L. (*),13042,2011
2011-11-17,207,D,8,2,f,246,Zea mays L. (*),12993,2011
2011-11-17,208,D,4,2,f,101,Zea mays L. (*),10838,2011
2011-11-17,209,D,6,2,f,168,Zea mays L. (*),12178,2011
2011-11-17,301,D,9,3,f,291,Zea mays L. (*),12735,2011
2011-11-17,302,D,3,3,f,67,Zea mays L. (*),11588,2011
2011-11-17,303,D,8,3,f,246,Zea mays L. (*),12866,2011
2011-11-17,304,D,2,3,f,34,Zea mays L. (*),7917,2011
2011-11-17,305,D,4,3,f,101,Zea mays L. (*),11648,2011
2011-11-17,306,D,5,3,f,134,Zea mays L. (*),12671,2011
2011-11-17,307,D,7,3,f,202,Zea mays L. (*),14312,2011
2011-11-17,308,D,6,3,f,168,Zea mays L. (*),13959,2011
2011-11-17,309,D,1,3,f,0,Zea mays L. (*),6393,2011
2011-11-17,401,D,5,4,f,134,Zea mays L. (*),12852,2011
2011-11-17,402,D,6,4,f,168,Zea mays L. (*),14033,2011
2011-11-17,403,D,4,4,f,101,Zea mays L. (*),11676,2011
2011-11-17,404,D,1,4,f,0,Zea mays L. (*),6236,2011
2011-11-17,405,D,8,4,f,246,Zea mays L. (*),14242,2011
2011-11-17,406,D,2,4,f,34,Zea mays L. (*),7942,2011
2011-11-17,407,D,3,4,f,67,Zea mays L. (*),10141,2011
2011-11-17,408,D,7,4,f,202,Zea mays L. (*),12762,2011
2011-11-17,409,D,9,4,f,291,Zea mays L. (*),13371,2011
2011-11-17,501,D,1,1,t,0,Zea mays L. (*),5697,2011
2011-11-17,502,D,2,1,t,34,Zea mays L. (*),8434,2011
2011-11-17,503,D,3,1,t,67,Zea mays L. (*),10662,2011
2011-11-17,504,D,4,1,t,101,Zea mays L. (*),11865,2011
2011-11-17,505,D,5,1,t,134,Zea mays L. (*),13108,2011
2011-11-17,506,D,6,1,t,168,Zea mays L. (*),13733,2011
2011-11-17,507,D,7,1,t,202,Zea mays L. (*),14548,2011
2011-11-17,508,D,8,1,t,246,Zea mays L. (*),15010,2011
2011-11-17,509,D,9,1,t,291,Zea mays L. (*),15553,2011
2011-11-17,601,D,7,2,t,202,Zea mays L. (*),15074,2011
2011-11-17,602,D,2,2,t,34,Zea mays L. (*),8238,2011
2011-11-17,603,D,1,2,t,0,Zea mays L. (*),6289,2011
2011-11-17,604,D,5,2,t,134,Zea mays L. (*),13547,2011
2011-11-17,605,D,3,2,t,67,Zea mays L. (*),10613,2011
2011-11-17,606,D,9,2,t,291,Zea mays L. (*),15384,2011
2011-11-17,607,D,8,2,t,246,Zea mays L. (*),15013,2011
2011-11-17,608,D,4,2,t,101,Zea mays L. (*),11714,2011
2011-11-17,609,D,6,2,t,168,Zea mays L. (*),13906,2011
2011-11-17,701,D,9,3,t,291,Zea mays L. (*),14526,2011
2011-11-17,702,D,3,3,t,67,Zea mays L. (*),10644,2011
2011-11-17,703,D,8,3,t,246,Zea mays L. (*),14707,2011
2011-11-17,704,D,2,3,t,34,Zea mays L. (*),8170,2011
2011-11-17,705,D,4,3,t,101,Zea mays L. (*),11155,2011
2011-11-17,706,D,5,3,t,134,Zea mays L. (*),12496,2011
2011-11-17,707,D,7,3,t,202,Zea mays L. (*),14263,2011
2011-11-17,708,D,6,3,t,168,Zea mays L. (*),13646,2011
2011-11-17,709,D,1,3,t,0,Zea mays L. (*),6655,2011
2011-11-17,801,D,5,4,t,134,Zea mays L. (*),13880,2011
2011-11-17,802,D,6,4,t,168,Zea mays L. (*),14278,2011
2011-11-17,803,D,4,4,t,101,Zea mays L. (*),12469,2011
2011-11-17,804,D,1,4,t,0,Zea mays L. (*),5832,2011
2011-11-17,805,D,8,4,t,246,Zea mays L. (*),14904,2011
2011-11-17,806,D,2,4,t,34,Zea mays L. (*),8327,2011
2011-11-17,807,D,3,4,t,67,Zea mays L. (*),11214,2011
2011-11-17,808,D,7,4,t,202,Zea mays L. (*),14551,2011
2011-11-17,809,D,9,4,t,291,Zea mays L. (*),14748,2011
2012-10-02,101,D,1,1,f,0,Glycine max L. (*),2106,2012
2012-10-02,102,D,2,1,f,17,Glycine max L. (*),2499,2012
2012-10-02,103,D,3,1,f,34,Glycine max L. (*),2532,2012
2012-10-02,104,D,4,1,f,50,Glycine max L. (*),2503,2012
2012-10-02,105,D,5,1,f,67,Glycine max L. (*),2492,2012
2012-10-02,106,D,6,1,f,84,Glycine max L. (*),2528,2012
2012-10-02,107,D,7,1,f,101,Glycine max L. (*),2724,2012
2012-10-02,108,D,8,1,f,123,Glycine max L. (*),2493,2012
2012-10-02,109,D,9,1,f,146,Glycine max L. (*),2676,2012
2012-10-02,201,D,7,2,f,101,Glycine max L. (*),2809,2012
2012-10-02,202,D,2,2,f,17,Glycine max L. (*),2999,2012
2012-10-02,203,D,1,2,f,0,Glycine max L. (*),2584,2012
2012-10-02,204,D,5,2,f,67,Glycine max L. (*),2595,2012
2012-10-02,205,D,3,2,f,34,Glycine max L. (*),2705,2012
2012-10-02,206,D,9,2,f,146,Glycine max L. (*),2594,2012
2012-10-02,207,D,8,2,f,123,Glycine max L. (*),2663,2012
2012-10-02,208,D,4,2,f,50,Glycine max L. (*),2290,2012
2012-10-02,209,D,6,2,f,84,Glycine max L. (*),2234,2012
2012-10-02,301,D,9,3,f,146,Glycine max L. (*),2261,2012
2012-10-02,302,D,3,3,f,34,Glycine max L. (*),2407,2012
2012-10-02,303,D,8,3,f,123,Glycine max L. (*),2605,2012
2012-10-02,304,D,2,3,f,17,Glycine max L. (*),2440,2012
2012-10-02,305,D,4,3,f,50,Glycine max L. (*),2522,2012
2012-10-02,306,D,5,3,f,67,Glycine max L. (*),2719,2012
2012-10-02,307,D,7,3,f,101,Glycine max L. (*),2952,2012
2012-10-02,308,D,6,3,f,84,Glycine max L. (*),2762,2012
2012-10-02,309,D,1,3,f,0,Glycine max L. (*),2561,2012
2012-10-02,401,D,5,4,f,67,Glycine max L. (*),2699,2012
2012-10-02,402,D,6,4,f,84,Glycine max L. (*),2835,2012
2012-10-02,403,D,4,4,f,50,Glycine max L. (*),2721,2012
2012-10-02,404,D,1,4,f,0,Glycine max L. (*),2408,2012
2012-10-02,405,D,8,4,f,123,Glycine max L. (*),2632,2012
2012-10-02,406,D,2,4,f,17,Glycine max L. (*),2353,2012
2012-10-02,407,D,3,4,f,34,Glycine max L. (*),2583,2012
2012-10-02,408,D,7,4,f,101,Glycine max L. (*),2378,2012
2012-10-02,409,D,9,4,f,146,Glycine max L. (*),2510,2012
2012-10-09,501,D,1,1,t,0,Glycine max L. (*),5165,2012
2012-10-09,502,D,2,1,t,17,Glycine max L. (*),5234,2012
2012-10-09,503,D,3,1,t,34,Glycine max L. (*),5058,2012
2012-10-09,504,D,4,1,t,50,Glycine max L. (*),4898,2012
2012-10-09,505,D,5,1,t,67,Glycine max L. (*),4841,2012
2012-10-09,506,D,6,1,t,84,Glycine max L. (*),4770,2012
2012-10-09,507,D,7,1,t,101,Glycine max L. (*),5138,2012
2012-10-09,508,D,8,1,t,123,Glycine max L. (*),5008,2012
2012-10-09,509,D,9,1,t,146,Glycine max L. (*),5263,2012
2012-10-09,601,D,7,2,t,101,Glycine max L. (*),5066,2012
2012-10-09,602,D,2,2,t,17,Glycine max L. (*),5241,2012
2012-10-09,603,D,1,2,t,0,Glycine max L. (*),5027,2012
2012-10-09,604,D,5,2,t,67,Glycine max L. (*),5153,2012
2012-10-09,605,D,3,2,t,34,Glycine max L. (*),5055,2012
2012-10-09,606,D,9,2,t,146,Glycine max L. (*),5314,2012
2012-10-09,607,D,8,2,t,123,Glycine max L. (*),5599,2012
2012-10-09,608,D,4,2,t,50,Glycine max L. (*),5338,2012
2012-10-09,609,D,6,2,t,84,Glycine max L. (*),5424,2012
2012-10-09,701,D,9,3,t,146,Glycine max L. (*),5215,2012
2012-10-09,702,D,3,3,t,34,Glycine max L. (*),5382,2012
2012-10-09,703,D,8,3,t,123,Glycine max L. (*),4699,2012
2012-10-09,704,D,2,3,t,17,Glycine max L. (*),4938,2012
2012-10-09,705,D,4,3,t,50,Glycine max L. (*),5110,2012
2012-10-09,706,D,5,3,t,67,Glycine max L. (*),4873,2012
2012-10-09,707,D,7,3,t,101,Glycine max L. (*),5044,2012
2012-10-09,708,D,6,3,t,84,Glycine max L. (*),4975,2012
2012-10-09,709,D,1,3,t,0,Glycine max L. (*),5051,2012
2012-10-09,801,D,5,4,t,67,Glycine max L. (*),5074,2012
2012-10-09,802,D,6,4,t,84,Glycine max L. (*),4915,2012
2012-10-09,803,D,4,4,t,50,Glycine max L. (*),4903,2012
2012-10-09,804,D,1,4,t,0,Glycine max L. (*),4732,2012
2012-10-09,805,D,8,4,t,123,Glycine max L. (*),4889,2012
2012-10-09,806,D,2,4,t,17,Glycine max L. (*),5198,2012
2012-10-09,807,D,3,4,t,34,Glycine max L. (*),5000,2012
2012-10-09,808,D,7,4,t,101,Glycine max L. (*),5017,2012
2012-10-09,809,D,9,4,t,146,Glycine max L. (*),5102,2012
2013-07-19,101,D,1,1,f,0,Triticum aestivum L. (*),1355,2013
2013-07-19,102,D,2,1,f,22,Triticum aestivum L. (*),2877,2013
2013-07-19,103,D,3,1,f,45,Triticum aestivum L. (*),3342,2013
2013-07-19,104,D,4,1,f,67,Triticum aestivum L. (*),3899,2013
2013-07-19,105,D,5,1,f,90,Triticum aestivum L. (*),3745,2013
2013-07-19,106,D,6,1,f,112,Triticum aestivum L. (*),3739,2013
2013-07-19,107,D,7,1,f,134,Triticum aestivum L. (*),3826,2013
2013-07-19,108,D,8,1,f,157,Triticum aestivum L. (*),3631,2013
2013-07-19,109,D,9,1,f,179,Triticum aestivum L. (*),3691,2013
2013-07-19,201,D,7,2,f,134,Triticum aestivum L. (*),4611,2013
2013-07-19,202,D,2,2,f,22,Triticum aestivum L. (*),,2013
2013-07-19,203,D,1,2,f,0,Triticum aestivum L. (*),,2013
2013-07-19,204,D,5,2,f,90,Triticum aestivum L. (*),,2013
2013-07-19,205,D,3,2,f,45,Triticum aestivum L. (*),3817,2013
2013-07-19,206,D,9,2,f,179,Triticum aestivum L. (*),3368,2013
2013-07-19,207,D,8,2,f,157,Triticum aestivum L. (*),3881,2013
2013-07-19,208,D,4,2,f,67,Triticum aestivum L. (*),3698,2013
2013-07-19,209,D,6,2,f,112,Triticum aestivum L. (*),3580,2013
2013-07-19,301,D,9,3,f,179,Triticum aestivum L. (*),2924,2013
2013-07-19,302,D,3,3,f,45,Triticum aestivum L. (*),3255,2013
2013-07-19,303,D,8,3,f,157,Triticum aestivum L. (*),3678,2013
2013-07-19,304,D,2,3,f,22,Triticum aestivum L. (*),2865,2013
2013-07-19,305,D,4,3,f,67,Triticum aestivum L. (*),3920,2013
2013-07-19,306,D,5,3,f,90,Triticum aestivum L. (*),3929,2013
2013-07-19,307,D,7,3,f,134,Triticum aestivum L. (*),4191,2013
2013-07-19,308,D,6,3,f,112,Triticum aestivum L. (*),4489,2013
2013-07-19,309,D,1,3,f,0,Triticum aestivum L. (*),1762,2013
2013-07-19,401,D,5,4,f,90,Triticum aestivum L. (*),3727,2013
2013-07-19,402,D,6,4,f,112,Triticum aestivum L. (*),3033,2013
2013-07-19,403,D,4,4,f,67,Triticum aestivum L. (*),,2013
2013-07-19,404,D,1,4,f,0,Triticum aestivum L. (*),4280,2013
2013-07-19,405,D,8,4,f,157,Triticum aestivum L. (*),3645,2013
2013-07-19,406,D,2,4,f,22,Triticum aestivum L. (*),2964,2013
2013-07-19,407,D,3,4,f,45,Triticum aestivum L. (*),2774,2013
2013-07-19,408,D,7,4,f,134,Triticum aestivum L. (*),3147,2013
2013-07-19,409,D,9,4,f,179,Triticum aestivum L. (*),3136,2013
2013-07-19,501,D,1,1,t,0,Triticum aestivum L. (*),2644,2013
2013-07-19,502,D,2,1,t,22,Triticum aestivum L. (*),4250,2013
2013-07-19,503,D,3,1,t,45,Triticum aestivum L. (*),4481,2013
2013-07-19,504,D,4,1,t,67,Triticum aestivum L. (*),4833,2013
2013-07-19,505,D,5,1,t,90,Triticum aestivum L. (*),4649,2013
2013-07-19,506,D,6,1,t,112,Triticum aestivum L. (*),4485,2013
2013-07-19,507,D,7,1,t,134,Triticum aestivum L. (*),4293,2013
2013-07-19,508,D,8,1,t,157,Triticum aestivum L. (*),4143,2013
2013-07-19,509,D,9,1,t,179,Triticum aestivum L. (*),4092,2013
2013-07-19,601,D,7,2,t,134,Triticum aestivum L. (*),4499,2013
2013-07-19,602,D,2,2,t,22,Triticum aestivum L. (*),3913,2013
2013-07-19,603,D,1,2,t,0,Triticum aestivum L. (*),2473,2013
2013-07-19,604,D,5,2,t,90,Triticum aestivum L. (*),4693,2013
2013-07-19,605,D,3,2,t,45,Triticum aestivum L. (*),4756,2013
2013-07-19,606,D,9,2,t,179,Triticum aestivum L. (*),3987,2013
2013-07-19,607,D,8,2,t,157,Triticum aestivum L. (*),4050,2013
2013-07-19,608,D,4,2,t,67,Triticum aestivum L. (*),5209,2013
2013-07-19,609,D,6,2,t,112,Triticum aestivum L. (*),5109,2013
2013-07-19,701,D,9,3,t,179,Triticum aestivum L. (*),4146,2013
2013-07-19,702,D,3,3,t,45,Triticum aestivum L. (*),4975,2013
2013-07-19,703,D,8,3,t,157,Triticum aestivum L. (*),3743,2013
2013-07-19,704,D,2,3,t,22,Triticum aestivum L. (*),4005,2013
2013-07-19,705,D,4,3,t,67,Triticum aestivum L. (*),4674,2013
2013-07-19,706,D,5,3,t,90,Triticum aestivum L. (*),4478,2013
2013-07-19,707,D,7,3,t,134,Triticum aestivum L. (*),4243,2013
2013-07-19,708,D,6,3,t,112,Triticum aestivum L. (*),4439,2013
2013-07-19,709,D,1,3,t,0,Triticum aestivum L. (*),3012,2013
2013-07-19,801,D,5,4,t,90,Triticum aestivum L. (*),5163,2013
2013-07-19,802,D,6,4,t,112,Triticum aestivum L. (*),4581,2013
2013-07-19,803,D,4,4,t,67,Triticum aestivum L. (*),4947,2013
2013-07-19,804,D,1,4,t,0,Triticum aestivum L. (*),2394,2013
2013-07-19,805,D,8,4,t,157,Triticum aestivum L. (*),4095,2013
2013-07-19,806,D,2,4,t,22,Triticum aestivum L. (*),4060,2013
2013-07-19,807,D,3,4,t,45,Triticum aestivum L. (*),4973,2013
2013-07-19,808,D,7,4,t,134,Triticum aestivum L. (*),4772,2013
2013-07-19,809,D,9,4,t,179,Triticum aestivum L. (*),4800,2013
2014-11-05,101,D,1,1,f,0,Zea mays L. (*),4706,2014
2014-11-05,102,D,2,1,f,34,Zea mays L. (*),6213,2014
2014-11-05,103,D,3,1,f,67,Zea mays L. (*),8917,2014
2014-11-05,104,D,4,1,f,101,Zea mays L. (*),11315,2014
2014-11-05,105,D,5,1,f,134,Zea mays L. (*),12523,2014
2014-11-05,106,D,6,1,f,168,Zea mays L. (*),12614,2014
2014-11-05,107,D,7,1,f,202,Zea mays L. (*),12926,2014
2014-11-05,108,D,8,1,f,246,Zea mays L. (*),12778,2014
2014-11-05,109,D,9,1,f,291,Zea mays L. (*),12777,2014
2014-11-05,201,D,7,2,f,202,Zea mays L. (*),13388,2014
2014-11-05,202,D,2,2,f,34,Zea mays L. (*),6966,2014
2014-11-05,203,D,1,2,f,0,Zea mays L. (*),4701,2014
2014-11-05,204,D,5,2,f,134,Zea mays L. (*),12585,2014
2014-11-05,205,D,3,2,f,67,Zea mays L. (*),9083,2014
2014-11-05,206,D,9,2,f,291,Zea mays L. (*),13568,2014
2014-11-05,207,D,8,2,f,246,Zea mays L. (*),12527,2014
2014-11-05,208,D,4,2,f,101,Zea mays L. (*),11567,2014
2014-11-05,209,D,6,2,f,168,Zea mays L. (*),13693,2014
2014-11-05,301,D,9,3,f,291,Zea mays L. (*),12982,2014
2014-11-05,302,D,3,3,f,67,Zea mays L. (*),9547,2014
2014-11-05,303,D,8,3,f,246,Zea mays L. (*),12996,2014
2014-11-05,304,D,2,3,f,34,Zea mays L. (*),6940,2014
2014-11-05,305,D,4,3,f,101,Zea mays L. (*),11593,2014
2014-11-05,306,D,5,3,f,134,Zea mays L. (*),12601,2014
2014-11-05,307,D,7,3,f,202,Zea mays L. (*),13907,2014
2014-11-05,308,D,6,3,f,168,Zea mays L. (*),12998,2014
2014-11-05,309,D,1,3,f,0,Zea mays L. (*),4908,2014
2014-11-05,401,D,5,4,f,134,Zea mays L. (*),12413,2014
2014-11-05,402,D,6,4,f,168,Zea mays L. (*),13756,2014
2014-11-05,403,D,4,4,f,101,Zea mays L. (*),11908,2014
2014-11-05,404,D,1,4,f,0,Zea mays L. (*),4273,2014
2014-11-05,405,D,8,4,f,246,Zea mays L. (*),13384,2014
2014-11-05,406,D,2,4,f,34,Zea mays L. (*),7082,2014
2014-11-05,407,D,3,4,f,67,Zea mays L. (*),8260,2014
2014-11-05,408,D,7,4,f,202,Zea mays L. (*),13099,2014
2014-11-05,409,D,9,4,f,291,Zea mays L. (*),12859,2014
2014-11-05,501,D,1,1,t,0,Zea mays L. (*),7303,2014
2014-11-05,502,D,2,1,t,34,Zea mays L. (*),9553,2014
2014-11-05,503,D,3,1,t,67,Zea mays L. (*),12037,2014
2014-11-05,504,D,4,1,t,101,Zea mays L. (*),12315,2014
2014-11-05,505,D,5,1,t,134,Zea mays L. (*),12555,2014
2014-11-05,506,D,6,1,t,168,Zea mays L. (*),12690,2014
2014-11-05,507,D,7,1,t,202,Zea mays L. (*),13101,2014
2014-11-05,508,D,8,1,t,246,Zea mays L. (*),13362,2014
2014-11-05,509,D,9,1,t,291,Zea mays L. (*),13510,2014
2014-11-05,601,D,7,2,t,202,Zea mays L. (*),13402,2014
2014-11-05,602,D,2,2,t,34,Zea mays L. (*),10078,2014
2014-11-05,603,D,1,2,t,0,Zea mays L. (*),7333,2014
2014-11-05,604,D,5,2,t,134,Zea mays L. (*),14023,2014
2014-11-05,605,D,3,2,t,67,Zea mays L. (*),11307,2014
2014-11-05,606,D,9,2,t,291,Zea mays L. (*),13325,2014
2014-11-05,607,D,8,2,t,246,Zea mays L. (*),13499,2014
2014-11-05,608,D,4,2,t,101,Zea mays L. (*),13234,2014
2014-11-05,609,D,6,2,t,168,Zea mays L. (*),12916,2014
2014-11-05,701,D,9,3,t,291,Zea mays L. (*),13174,2014
2014-11-05,702,D,3,3,t,67,Zea mays L. (*),11262,2014
2014-11-05,703,D,8,3,t,246,Zea mays L. (*),13581,2014
2014-11-05,704,D,2,3,t,34,Zea mays L. (*),8525,2014
2014-11-05,705,D,4,3,t,101,Zea mays L. (*),12014,2014
2014-11-05,706,D,5,3,t,134,Zea mays L. (*),12595,2014
2014-11-05,707,D,7,3,t,202,Zea mays L. (*),13267,2014
2014-11-05,708,D,6,3,t,168,Zea mays L. (*),13089,2014
2014-11-05,709,D,1,3,t,0,Zea mays L. (*),7608,2014
2014-11-05,801,D,5,4,t,134,Zea mays L. (*),13806,2014
2014-11-05,802,D,6,4,t,168,Zea mays L. (*),12865,2014
2014-11-05,803,D,4,4,t,101,Zea mays L. (*),13404,2014
2014-11-05,804,D,1,4,t,0,Zea mays L. (*),6926,2014
2014-11-05,805,D,8,4,t,246,Zea mays L. (*),13701,2014
2014-11-05,806,D,2,4,t,34,Zea mays L. (*),9423,2014
2014-11-05,807,D,3,4,t,67,Zea mays L. (*),12369,2014
2014-11-05,808,D,7,4,t,202,Zea mays L. (*),13126,2014
2014-11-05,809,D,9,4,t,291,Zea mays L. (*),13105,2014
2015-10-08,101,D,1,1,f,0,Glycine max L. (*),4756,2015
2015-10-08,102,D,2,1,f,0,Glycine max L. (*),4383,2015
2015-10-08,103,D,3,1,f,0,Glycine max L. (*),4426,2015
2015-10-08,104,D,4,1,f,0,Glycine max L. (*),4432,2015
2015-10-08,105,D,5,1,f,0,Glycine max L. (*),4294,2015
2015-10-08,106,D,6,1,f,0,Glycine max L. (*),4501,2015
2015-10-08,107,D,7,1,f,0,Glycine max L. (*),4449,2015
2015-10-08,108,D,8,1,f,0,Glycine max L. (*),4422,2015
2015-10-08,109,D,9,1,f,0,Glycine max L. (*),4215,2015
2015-10-08,201,D,7,2,f,0,Glycine max L. (*),4535,2015
2015-10-08,202,D,2,2,f,0,Glycine max L. (*),4648,2015
2015-10-08,203,D,1,2,f,0,Glycine max L. (*),4652,2015
2015-10-08,204,D,5,2,f,0,Glycine max L. (*),4211,2015
2015-10-08,205,D,3,2,f,0,Glycine max L. (*),4082,2015
2015-10-08,206,D,9,2,f,0,Glycine max L. (*),3961,2015
2015-10-08,207,D,8,2,f,0,Glycine max L. (*),4370,2015
2015-10-08,208,D,4,2,f,0,Glycine max L. (*),4438,2015
2015-10-08,209,D,6,2,f,0,Glycine max L. (*),4605,2015
2015-10-08,301,D,9,3,f,0,Glycine max L. (*),4441,2015
2015-10-08,302,D,3,3,f,0,Glycine max L. (*),4587,2015
2015-10-08,303,D,8,3,f,0,Glycine max L. (*),4419,2015
2015-10-08,304,D,2,3,f,0,Glycine max L. (*),4603,2015
2015-10-08,305,D,4,3,f,0,Glycine max L. (*),4511,2015
2015-10-08,306,D,5,3,f,0,Glycine max L. (*),4588,2015
2015-10-08,307,D,7,3,f,0,Glycine max L. (*),4542,2015
2015-10-08,308,D,6,3,f,0,Glycine max L. (*),4536,2015
2015-10-08,309,D,1,3,f,0,Glycine max L. (*),4653,2015
2015-10-08,401,D,5,4,f,0,Glycine max L. (*),4391,2015
2015-10-08,402,D,6,4,f,0,Glycine max L. (*),4509,2015
2015-10-08,403,D,4,4,f,0,Glycine max L. (*),4672,2015
2015-10-08,404,D,1,4,f,0,Glycine max L. (*),4675,2015
2015-10-08,405,D,8,4,f,0,Glycine max L. (*),4253,2015
2015-10-08,406,D,2,4,f,0,Glycine max L. (*),4355,2015
2015-10-08,407,D,3,4,f,0,Glycine max L. (*),4524,2015
2015-10-08,408,D,7,4,f,0,Glycine max L. (*),4308,2015
2015-10-08,409,D,9,4,f,0,Glycine max L. (*),4558,2015
2015-10-08,501,D,1,1,t,0,Glycine max L. (*),5075,2015
2015-10-08,502,D,2,1,t,0,Glycine max L. (*),4655,2015
2015-10-08,503,D,3,1,t,0,Glycine max L. (*),5073,2015
2015-10-08,504,D,4,1,t,0,Glycine max L. (*),4266,2015
2015-10-08,505,D,5,1,t,0,Glycine max L. (*),4653,2015
2015-10-08,506,D,6,1,t,0,Glycine max L. (*),4688,2015
2015-10-08,507,D,7,1,t,0,Glycine max L. (*),4565,2015
2015-10-08,508,D,8,1,t,0,Glycine max L. (*),4571,2015
2015-10-08,509,D,9,1,t,0,Glycine max L. (*),4700,2015
2015-10-08,601,D,7,2,t,0,Glycine max L. (*),4400,2015
2015-10-08,602,D,2,2,t,0,Glycine max L. (*),4517,2015
2015-10-08,603,D,1,2,t,0,Glycine max L. (*),4946,2015
2015-10-08,604,D,5,2,t,0,Glycine max L. (*),4432,2015
2015-10-08,605,D,3,2,t,0,Glycine max L. (*),4584,2015
2015-10-08,606,D,9,2,t,0,Glycine max L. (*),4671,2015
2015-10-08,607,D,8,2,t,0,Glycine max L. (*),4669,2015
2015-10-08,608,D,4,2,t,0,Glycine max L. (*),4796,2015
2015-10-08,609,D,6,2,t,0,Glycine max L. (*),4662,2015
2015-10-08,701,D,9,3,t,0,Glycine max L. (*),4512,2015
2015-10-08,702,D,3,3,t,0,Glycine max L. (*),4629,2015
2015-10-08,703,D,8,3,t,0,Glycine max L. (*),4351,2015
2015-10-08,704,D,2,3,t,0,Glycine max L. (*),4441,2015
2015-10-08,705,D,4,3,t,0,Glycine max L. (*),4530,2015
2015-10-08,706,D,5,3,t,0,Glycine max L. (*),4354,2015
2015-10-08,707,D,7,3,t,0,Glycine max L. (*),4391,2015
2015-10-08,708,D,6,3,t,0,Glycine max L. (*),4327,2015
2015-10-08,709,D,1,3,t,0,Glycine max L. (*),4796,2015
2015-10-08,801,D,5,4,t,0,Glycine max L. (*),4374,2015
2015-10-08,802,D,6,4,t,0,Glycine max L. (*),4142,2015
2015-10-08,803,D,4,4,t,0,Glycine max L. (*),4225,2015
2015-10-08,804,D,1,4,t,0,Glycine max L. (*),4904,2015
2015-10-08,805,D,8,4,t,0,Glycine max L. (*),4102,2015
2015-10-08,806,D,2,4,t,0,Glycine max L. (*),4695,2015
2015-10-08,807,D,3,4,t,0,Glycine max L. (*),4851,2015
2015-10-08,808,D,7,4,t,0,Glycine max L. (*),4170,2015
2015-10-08,809,D,9,4,t,0,Glycine max L. (*),4327,2015
2016-07-19,101,D,1,1,f,0,Triticum aestivum L. (*),2835,2016
2016-07-19,102,D,2,1,f,22,Triticum aestivum L. (*),4910,2016
2016-07-19,103,D,3,1,f,45,Triticum aestivum L. (*),5813,2016
2016-07-19,104,D,4,1,f,67,Triticum aestivum L. (*),7799,2016
2016-07-19,105,D,5,1,f,90,Triticum aestivum L. (*),8051,2016
2016-07-19,106,D,6,1,f,112,Triticum aestivum L. (*),8267,2016
2016-07-19,107,D,7,1,f,134,Triticum aestivum L. (*),8200,2016
2016-07-19,108,D,8,1,f,157,Triticum aestivum L. (*),8433,2016
2016-07-19,109,D,9,1,f,179,Triticum aestivum L. (*),8174,2016
2016-07-19,201,D,7,2,f,134,Triticum aestivum L. (*),8142,2016
2016-07-19,202,D,2,2,f,22,Triticum aestivum L. (*),5251,2016
2016-07-19,203,D,1,2,f,0,Triticum aestivum L. (*),3375,2016
2016-07-19,204,D,5,2,f,90,Triticum aestivum L. (*),7864,2016
2016-07-19,205,D,3,2,f,45,Triticum aestivum L. (*),6460,2016
2016-07-19,206,D,9,2,f,179,Triticum aestivum L. (*),7543,2016
2016-07-19,207,D,8,2,f,157,Triticum aestivum L. (*),7990,2016
2016-07-19,208,D,4,2,f,67,Triticum aestivum L. (*),7216,2016
2016-07-19,209,D,6,2,f,112,Triticum aestivum L. (*),8072,2016
2016-07-19,301,D,9,3,f,179,Triticum aestivum L. (*),7804,2016
2016-07-19,302,D,3,3,f,45,Triticum aestivum L. (*),6423,2016
2016-07-19,303,D,8,3,f,157,Triticum aestivum L. (*),8017,2016
2016-07-19,304,D,2,3,f,22,Triticum aestivum L. (*),5288,2016
2016-07-19,305,D,4,3,f,67,Triticum aestivum L. (*),7701,2016
2016-07-19,306,D,5,3,f,90,Triticum aestivum L. (*),8295,2016
2016-07-19,307,D,7,3,f,134,Triticum aestivum L. (*),9226,2016
2016-07-19,308,D,6,3,f,112,Triticum aestivum L. (*),9005,2016
2016-07-19,309,D,1,3,f,0,Triticum aestivum L. (*),3696,2016
2016-07-19,401,D,5,4,f,90,Triticum aestivum L. (*),8046,2016
2016-07-19,402,D,6,4,f,112,Triticum aestivum L. (*),8280,2016
2016-07-19,403,D,4,4,f,67,Triticum aestivum L. (*),7569,2016
2016-07-19,404,D,1,4,f,0,Triticum aestivum L. (*),3443,2016
2016-07-19,405,D,8,4,f,157,Triticum aestivum L. (*),8070,2016
2016-07-19,406,D,2,4,f,22,Triticum aestivum L. (*),5137,2016
2016-07-19,407,D,3,4,f,45,Triticum aestivum L. (*),6669,2016
2016-07-19,408,D,7,4,f,134,Triticum aestivum L. (*),7706,2016
2016-07-19,409,D,9,4,f,179,Triticum aestivum L. (*),8079,2016
2016-07-19,501,D,1,1,t,0,Triticum aestivum L. (*),3663,2016
2016-07-19,502,D,2,1,t,22,Triticum aestivum L. (*),5468,2016
2016-07-19,503,D,3,1,t,45,Triticum aestivum L. (*),7291,2016
2016-07-19,504,D,4,1,t,67,Triticum aestivum L. (*),8448,2016
2016-07-19,505,D,5,1,t,90,Triticum aestivum L. (*),9833,2016
2016-07-19,506,D,6,1,t,112,Triticum aestivum L. (*),10191,2016
2016-07-19,507,D,7,1,t,134,Triticum aestivum L. (*),10861,2016
2016-07-19,508,D,8,1,t,157,Triticum aestivum L. (*),11368,2016
2016-07-19,509,D,9,1,t,179,Triticum aestivum L. (*),11826,2016
2016-07-19,601,D,7,2,t,134,Triticum aestivum L. (*),10845,2016
2016-07-19,602,D,2,2,t,22,Triticum aestivum L. (*),5491,2016
2016-07-19,603,D,1,2,t,0,Triticum aestivum L. (*),3825,2016
2016-07-19,604,D,5,2,t,90,Triticum aestivum L. (*),9326,2016
2016-07-19,605,D,3,2,t,45,Triticum aestivum L. (*),6929,2016
2016-07-19,606,D,9,2,t,179,Triticum aestivum L. (*),11202,2016
2016-07-19,607,D,8,2,t,157,Triticum aestivum L. (*),11208,2016
2016-07-19,608,D,4,2,t,67,Triticum aestivum L. (*),8418,2016
2016-07-19,609,D,6,2,t,112,Triticum aestivum L. (*),10734,2016
2016-07-19,701,D,9,3,t,179,Triticum aestivum L. (*),11383,2016
2016-07-19,702,D,3,3,t,45,Triticum aestivum L. (*),7351,2016
2016-07-19,703,D,8,3,t,157,Triticum aestivum L. (*),11157,2016
2016-07-19,704,D,2,3,t,22,Triticum aestivum L. (*),5691,2016
2016-07-19,705,D,4,3,t,67,Triticum aestivum L. (*),8331,2016
2016-07-19,706,D,5,3,t,90,Triticum aestivum L. (*),9428,2016
2016-07-19,707,D,7,3,t,134,Triticum aestivum L. (*),11134,2016
2016-07-19,708,D,6,3,t,112,Triticum aestivum L. (*),10259,2016
2016-07-19,709,D,1,3,t,0,Triticum aestivum L. (*),4003,2016
2016-07-19,801,D,5,4,t,90,Triticum aestivum L. (*),9721,2016
2016-07-19,802,D,6,4,t,112,Triticum aestivum L. (*),10268,2016
2016-07-19,803,D,4,4,t,67,Triticum aestivum L. (*),8926,2016
2016-07-19,804,D,1,4,t,0,Triticum aestivum L. (*),,2016
2016-07-19,805,D,8,4,t,157,Triticum aestivum L. (*),10881,2016
2016-07-19,806,D,2,4,t,22,Triticum aestivum L. (*),5600,2016
2016-07-19,807,D,3,4,t,45,Triticum aestivum L. (*),7553,2016
2016-07-19,808,D,7,4,t,134,Triticum aestivum L. (*),10744,2016
2016-07-19,809,D,9,4,t,179,Triticum aestivum L. (*),11578,2016
2017-10-20,101,D,1,1,f,0,Zea mays L. (*),5201,2017
2017-10-20,102,D,2,1,f,34,Zea mays L. (*),6977,2017
2017-10-20,103,D,3,1,f,67,Zea mays L. (*),7687,2017
2017-10-20,104,D,4,1,f,101,Zea mays L. (*),9425,2017
2017-10-20,105,D,5,1,f,134,Zea mays L. (*),10017,2017
2017-10-20,106,D,6,1,f,168,Zea mays L. (*),10457,2017
2017-10-20,107,D,7,1,f,202,Zea mays L. (*),10749,2017
2017-10-20,108,D,8,1,f,246,Zea mays L. (*),10779,2017
2017-10-20,109,D,9,1,f,291,Zea mays L. (*),10840,2017
2017-10-20,201,D,7,2,f,202,Zea mays L. (*),10996,2017
2017-10-20,202,D,2,2,f,34,Zea mays L. (*),6743,2017
2017-10-20,203,D,1,2,f,0,Zea mays L. (*),5707,2017
2017-10-20,204,D,5,2,f,134,Zea mays L. (*),10090,2017
2017-10-20,205,D,3,2,f,67,Zea mays L. (*),7734,2017
2017-10-20,206,D,9,2,f,291,Zea mays L. (*),10401,2017
2017-10-20,207,D,8,2,f,246,Zea mays L. (*),10661,2017
2017-10-20,208,D,4,2,f,101,Zea mays L. (*),9200,2017
2017-10-20,209,D,6,2,f,168,Zea mays L. (*),11008,2017
2017-10-20,301,D,9,3,f,291,Zea mays L. (*),9344,2017
2017-10-20,302,D,3,3,f,67,Zea mays L. (*),8122,2017
2017-10-20,303,D,8,3,f,246,Zea mays L. (*),9774,2017
2017-10-20,304,D,2,3,f,34,Zea mays L. (*),5759,2017
2017-10-20,305,D,4,3,f,101,Zea mays L. (*),8984,2017
2017-10-20,306,D,5,3,f,134,Zea mays L. (*),9942,2017
2017-10-20,307,D,7,3,f,202,Zea mays L. (*),11308,2017
2017-10-20,308,D,6,3,f,168,Zea mays L. (*),11225,2017
2017-10-20,309,D,1,3,f,0,Zea mays L. (*),4970,2017
2017-10-20,401,D,5,4,f,134,Zea mays L. (*),9928,2017
2017-10-20,402,D,6,4,f,168,Zea mays L. (*),10107,2017
2017-10-20,403,D,4,4,f,101,Zea mays L. (*),9229,2017
2017-10-20,404,D,1,4,f,0,Zea mays L. (*),5072,2017
2017-10-20,405,D,8,4,f,246,Zea mays L. (*),10546,2017
2017-10-20,406,D,2,4,f,34,Zea mays L. (*),6634,2017
2017-10-20,407,D,3,4,f,67,Zea mays L. (*),7869,2017
2017-10-20,408,D,7,4,f,202,Zea mays L. (*),9438,2017
2017-10-20,409,D,9,4,f,291,Zea mays L. (*),9863,2017
2017-10-27,501,D,1,1,t,0,Zea mays L. (*),8423,2017
2017-10-27,502,D,2,1,t,34,Zea mays L. (*),9488,2017
2017-10-27,503,D,3,1,t,67,Zea mays L. (*),11964,2017
2017-10-27,504,D,4,1,t,101,Zea mays L. (*),13882,2017
2017-10-27,505,D,5,1,t,134,Zea mays L. (*),14961,2017
2017-10-27,506,D,6,1,t,168,Zea mays L. (*),15874,2017
2017-10-27,507,D,7,1,t,202,Zea mays L. (*),16483,2017
2017-10-27,508,D,8,1,t,246,Zea mays L. (*),16821,2017
2017-10-27,509,D,9,1,t,291,Zea mays L. (*),17371,2017
2017-10-27,601,D,7,2,t,202,Zea mays L. (*),16950,2017
2017-10-27,602,D,2,2,t,34,Zea mays L. (*),10097,2017
2017-10-27,603,D,1,2,t,0,Zea mays L. (*),8455,2017
2017-10-27,604,D,5,2,t,134,Zea mays L. (*),15513,2017
2017-10-27,605,D,3,2,t,67,Zea mays L. (*),11604,2017
2017-10-27,606,D,9,2,t,291,Zea mays L. (*),16341,2017
2017-10-27,607,D,8,2,t,246,Zea mays L. (*),17578,2017
2017-10-27,608,D,4,2,t,101,Zea mays L. (*),13541,2017
2017-10-27,609,D,6,2,t,168,Zea mays L. (*),16442,2017
2017-10-27,701,D,9,3,t,291,Zea mays L. (*),17292,2017
2017-10-27,702,D,3,3,t,67,Zea mays L. (*),11801,2017
2017-10-27,703,D,8,3,t,246,Zea mays L. (*),17413,2017
2017-10-27,704,D,2,3,t,34,Zea mays L. (*),9100,2017
2017-10-27,705,D,4,3,t,101,Zea mays L. (*),13021,2017
2017-10-27,706,D,5,3,t,134,Zea mays L. (*),14948,2017
2017-10-27,707,D,7,3,t,202,Zea mays L. (*),17080,2017
2017-10-27,708,D,6,3,t,168,Zea mays L. (*),15743,2017
2017-10-27,709,D,1,3,t,0,Zea mays L. (*),8705,2017
2017-10-27,801,D,5,4,t,134,Zea mays L. (*),16331,2017
2017-10-27,802,D,6,4,t,168,Zea mays L. (*),16168,2017
2017-10-27,803,D,4,4,t,101,Zea mays L. (*),14127,2017
2017-10-27,804,D,1,4,t,0,Zea mays L. (*),8646,2017
2017-10-27,805,D,8,4,t,246,Zea mays L. (*),16952,2017
2017-10-27,806,D,2,4,t,34,Zea mays L. (*),9141,2017
2017-10-27,807,D,3,4,t,67,Zea mays L. (*),12674,2017
2017-10-27,808,D,7,4,t,202,Zea mays L. (*),15423,2017
2017-10-27,809,D,9,4,t,291,Zea mays L. (*),16567,2017
2019-07-25,101,D,1,1,f,,Triticum aestivum L. (*),1780,2019
2019-07-25,102,D,2,1,f,,Triticum aestivum L. (*),2520,2019
2019-07-25,103,D,3,1,f,,Triticum aestivum L. (*),3494,2019
2019-07-25,104,D,4,1,f,,Triticum aestivum L. (*),4717,2019
2019-07-25,105,D,5,1,f,,Triticum aestivum L. (*),5921,2019
2019-07-25,106,D,6,1,f,,Triticum aestivum L. (*),6692,2019
2019-07-25,107,D,7,1,f,,Triticum aestivum L. (*),6721,2019
2019-07-25,108,D,8,1,f,,Triticum aestivum L. (*),7465,2019
2019-07-25,109,D,9,1,f,,Triticum aestivum L. (*),7589,2019
2019-07-25,201,D,7,2,f,,Triticum aestivum L. (*),6705,2019
2019-07-25,202,D,2,2,f,,Triticum aestivum L. (*),2905,2019
2019-07-25,203,D,1,2,f,,Triticum aestivum L. (*),2190,2019
2019-07-25,204,D,5,2,f,,Triticum aestivum L. (*),5688,2019
2019-07-25,205,D,3,2,f,,Triticum aestivum L. (*),3877,2019
2019-07-25,206,D,9,2,f,,Triticum aestivum L. (*),7081,2019
2019-07-25,207,D,8,2,f,,Triticum aestivum L. (*),7304,2019
2019-07-25,208,D,4,2,f,,Triticum aestivum L. (*),4750,2019
2019-07-25,209,D,6,2,f,,Triticum aestivum L. (*),6426,2019
2019-07-25,301,D,9,3,f,,Triticum aestivum L. (*),7590,2019
2019-07-25,302,D,3,3,f,,Triticum aestivum L. (*),4007,2019
2019-07-25,303,D,8,3,f,,Triticum aestivum L. (*),7532,2019
2019-07-25,304,D,2,3,f,,Triticum aestivum L. (*),2912,2019
2019-07-25,305,D,4,3,f,,Triticum aestivum L. (*),4997,2019
2019-07-25,306,D,5,3,f,,Triticum aestivum L. (*),5503,2019
2019-07-25,307,D,7,3,f,,Triticum aestivum L. (*),6881,2019
2019-07-25,308,D,6,3,f,,Triticum aestivum L. (*),6401,2019
2019-07-25,309,D,1,3,f,,Triticum aestivum L. (*),2657,2019
2019-07-25,401,D,5,4,f,,Triticum aestivum L. (*),5438,2019
2019-07-25,402,D,6,4,f,,Triticum aestivum L. (*),6630,2019
2019-07-25,403,D,4,4,f,,Triticum aestivum L. (*),5219,2019
2019-07-25,404,D,1,4,f,,Triticum aestivum L. (*),2477,2019
2019-07-25,405,D,8,4,f,,Triticum aestivum L. (*),7473,2019
2019-07-25,406,D,2,4,f,,Triticum aestivum L. (*),2591,2019
2019-07-25,407,D,3,4,f,,Triticum aestivum L. (*),3993,2019
2019-07-25,408,D,7,4,f,,Triticum aestivum L. (*),6646,2019
2019-07-25,409,D,9,4,f,,Triticum aestivum L. (*),7361,2019
2019-07-25,501,D,1,1,t,,Triticum aestivum L. (*),1953,2019
2019-07-25,502,D,2,1,t,,Triticum aestivum L. (*),2866,2019
2019-07-25,503,D,3,1,t,,Triticum aestivum L. (*),3976,2019
2019-07-25,504,D,4,1,t,,Triticum aestivum L. (*),5076,2019
2019-07-25,505,D,5,1,t,,Triticum aestivum L. (*),5804,2019
2019-07-25,506,D,6,1,t,,Triticum aestivum L. (*),6519,2019
2019-07-25,507,D,7,1,t,,Triticum aestivum L. (*),6844,2019
2019-07-25,508,D,8,1,t,,Triticum aestivum L. (*),7816,2019
2019-07-25,509,D,9,1,t,,Triticum aestivum L. (*),7846,2019
2019-07-25,601,D,7,2,t,,Triticum aestivum L. (*),7119,2019
2019-07-25,602,D,2,2,t,,Triticum aestivum L. (*),2696,2019
2019-07-25,603,D,1,2,t,,Triticum aestivum L. (*),1917,2019
2019-07-25,604,D,5,2,t,,Triticum aestivum L. (*),5277,2019
2019-07-25,605,D,3,2,t,,Triticum aestivum L. (*),4006,2019
2019-07-25,606,D,9,2,t,,Triticum aestivum L. (*),7120,2019
2019-07-25,607,D,8,2,t,,Triticum aestivum L. (*),7461,2019
2019-07-25,608,D,4,2,t,,Triticum aestivum L. (*),4716,2019
2019-07-25,609,D,6,2,t,,Triticum aestivum L. (*),6787,2019
2019-07-25,701,D,9,3,t,,Triticum aestivum L. (*),7309,2019
2019-07-25,702,D,3,3,t,,Triticum aestivum L. (*),4223,2019
2019-07-25,703,D,8,3,t,,Triticum aestivum L. (*),7372,2019
2019-07-25,704,D,2,3,t,,Triticum aestivum L. (*),2982,2019
2019-07-25,705,D,4,3,t,,Triticum aestivum L. (*),4749,2019
2019-07-25,706,D,5,3,t,,Triticum aestivum L. (*),5702,2019
2019-07-25,707,D,7,3,t,,Triticum aestivum L. (*),6593,2019
2019-07-25,708,D,6,3,t,,Triticum aestivum L. (*),6393,2019
2019-07-25,709,D,1,3,t,,Triticum aestivum L. (*),2177,2019
2019-07-25,801,D,5,4,t,,Triticum aestivum L. (*),5917,2019
2019-07-25,802,D,6,4,t,,Triticum aestivum L. (*),6343,2019
2019-07-25,803,D,4,4,t,,Triticum aestivum L. (*),4890,2019
2019-07-25,804,D,1,4,t,,Triticum aestivum L. (*),2114,2019
2019-07-25,805,D,8,4,t,,Triticum aestivum L. (*),7451,2019
2019-07-25,806,D,2,4,t,,Triticum aestivum L. (*),2975,2019
2019-07-25,807,D,3,4,t,,Triticum aestivum L. (*),4249,2019
2019-07-25,808,D,7,4,t,,Triticum aestivum L. (*),6864,2019
2019-07-25,809,D,9,4,t,,Triticum aestivum L. (*),7606,2019
